Grupo,Título,Link,ID do Produto,Imagem
vestido,Vestido Tule Estampado Primavera De Cor,https://www.farmrio.com.br/vestido-tule-estampado-primavera-de-cor-primavera-de-cor_azul-gelo-334915-49097/p,149101,https://lojafarm.vteximg.com.br/arquivos/ids/3444727-500-750/334915_49097_1-VESTIDO-TULE-ESTAMPADO-PRIMAVERA-DE-COR.jpg?v=638657249007900000
vestido,Vestido Longo Estampado Banana Flora,https://www.farmrio.com.br/vestido-longo-estampado-banana-flora-banana-flora_verde-lima-333924-49098/p,149156,https://lojafarm.vteximg.com.br/arquivos/ids/3444430-500-750/333924_49098_1-VESTIDO-LONGO-ESTAMPADO-BANANA-FLORA.jpg?v=638657245881900000
vestido,Vestido Curto Estampado Artsy Floral Off,https://www.farmrio.com.br/vestido-curto-estampado-artsy-floral-off-artsy-floral_off-white-344046-49181/p,156224,https://lojafarm.vteximg.com.br/arquivos/ids/3445212-500-750/344046_49181_1-VESTIDO-CURTO-ESTAMPADO-ARTSY-FLORAL-OFF.jpg?v=638657253170900000
vestido,Vestido Midi Estampado Tropicance,https://www.farmrio.com.br/vestido-midi-estampado-tropicance-tropicance_malha_off-white-335245-49495/p,149343,https://lojafarm.vteximg.com.br/arquivos/ids/3427121-500-750/335245_49495_1-VESTIDO-MIDI-TROPICANCE.jpg?v=638604112878970000
vestido,Vestido T-Shirt Básico Estampado Tropicance,https://www.farmrio.com.br/vestido-t-shirt-basico-estampado-tropicance-tropicance_localizado-malha_off-white-334053-49494/p,148909,https://lojafarm.vteximg.com.br/arquivos/ids/3415843-500-750/334053_49494_1-VESTIDO-TSHIRT-BASICO-TROPICANCE.jpg?v=638590819120800000
vestido,Vestido Cropped Bata Estampado Tropicance,https://www.farmrio.com.br/vestido-cropped-bata-estampado-tropicance-tropicance_localizado_off-white-335187-49411/p,149521,https://lojafarm.vteximg.com.br/arquivos/ids/3440323-500-750/335187_49411_1-VESTIDO-CROPPED-BATA-ESTAMPADO-TROPICANCE.jpg?v=638640657639930000
vestido,Vestido Curto Estampado Tropicance,https://www.farmrio.com.br/vestido-curto-estampado-tropicance-tropicance_espelhado_off-white-335189-49412/p,149539,https://lojafarm.vteximg.com.br/arquivos/ids/3430006-500-750/335189_49412_1-VESTIDO-CURTO-TROPICANCE.jpg?v=638605460581570000
vestido,Vestido Midi Estampado Tropicance,https://www.farmrio.com.br/vestido-midi-estampado-tropicance-tropicance_vestido-malha_off-white-334671-49496/p,148584,https://lojafarm.vteximg.com.br/arquivos/ids/3440781-500-750/334671_49496_1-VESTIDO-MIDI-ESTAMPADO-TROPICANCE.jpg?v=638641785160130000
vestido,Vestido Longo Plissado Degradê,https://www.farmrio.com.br/vestido-longo-plissado-degrade-degrade-grumari-334850-49593/p,150478,https://lojafarm.vteximg.com.br/arquivos/ids/3440504-500-750/334850_49593_1-VESTIDO-LONGO-PLISSADO-DEGRADE.jpg?v=638641683483830000
vestido,Vestido Curto Estampado Floral Maria,https://www.farmrio.com.br/vestido-curto-estampado-floral-maria-floral-maria_off-white-335638-49112/p,149535,https://lojafarm.vteximg.com.br/arquivos/ids/3428743-500-750/335638_49112_1-VESTIDO-CURTO-FLORAL-MARIA.jpg?v=638604131966530000
vestido,Vestido Longo Estampado Floral Maria,https://www.farmrio.com.br/vestido-longo-estampado-floral-maria-floral-maria_off-white-335637-49112/p,149526,https://lojafarm.vteximg.com.br/arquivos/ids/3440334-500-750/335637_49112_1-VESTIDO-LONGO-ESTAMPADO-FLORAL-MARIA.jpg?v=638640657739170000
vestido,Vestido Longo Plissado Degradê,https://www.farmrio.com.br/vestido-longo-plissado-degrade-degrade-aurora-334850-49595/p,150479,https://lojafarm.vteximg.com.br/arquivos/ids/3440510-500-750/334850_49595_1-VESTIDO-LONGO-PLISSADO-DEGRADE.jpg?v=638641683620400000
vestido,Vestido Cropped Estampado Floral Lucia,https://www.farmrio.com.br/vestido-cropped-estampado-floral-lucia-floral-lucia_vermelho-rainha-334919-49207/p,149131,https://lojafarm.vteximg.com.br/arquivos/ids/3425025-500-750/334919_49207_1-VESTIDO-CROPPED-FLORAL-LUCIA.jpg?v=638603228333670000
vestido,Vestido Ombro Só Estampado Floral Lucia,https://www.farmrio.com.br/vestido-ombro-so-estampado-floral-lucia-floral-lucia_vermelho-rainha-334128-49207/p,149212,https://lojafarm.vteximg.com.br/arquivos/ids/3416198-500-750/334128_49207_1-VESTIDO-OMBRO-SO-FLORAL-LUCIA.jpg?v=638590847608100000
vestido,Vestido Laise Artesanal,https://www.farmrio.com.br/vestido-laise-artesanal-lilas-azaleia-333477-07042/p,150636,https://lojafarm.vteximg.com.br/arquivos/ids/3439295-500-750/333477_07042_1-VESTIDO-LAISE-ARTESANAL.jpg?v=638636445336470000
vestido,Vestido Lastex Estampado Oasis Tropical,https://www.farmrio.com.br/vestido-lastex-estampado-oasis-tropical-oasis-tropical_lilas-romance-335164-49192/p,149348,https://lojafarm.vteximg.com.br/arquivos/ids/3424272-500-750/335164_49192_1-VESTIDO-LASTEX-OASIS-TROPICAL.jpg?v=638602979453200000
vestido,Vestido Curto Estampado Oasis Tropical,https://www.farmrio.com.br/vestido-curto-estampado-oasis-tropical-oasis-tropical_lilas-romance-335165-49192/p,149345,https://lojafarm.vteximg.com.br/arquivos/ids/3423308-500-750/335165_49192_1-VESTIDO-CURTO-OASIS-TROPICAL.jpg?v=638602951610970000
vestido,Vestido Curto Estampado Primavera De Cor,https://www.farmrio.com.br/vestido-curto-estampado-primavera-de-cor-primavera-de-cor_azul-gelo-334113-49097/p,149166,https://lojafarm.vteximg.com.br/arquivos/ids/3416036-500-750/334113_49097_1-VESTIDO-CURTO-PRIMAVERA-DE-COR.jpg?v=638590844698700000
vestido,Vestido Curto Estampado Banana Flora,https://www.farmrio.com.br/vestido-curto-estampado-banana-flora-banana-flora_verde-lima-333926-49098/p,149174,https://lojafarm.vteximg.com.br/arquivos/ids/3444465-500-750/333926_49098_1-VESTIDO-CURTO-ESTAMPADO-BANANA-FLORA.jpg?v=638657246228470000
vestido,Vestido Cropped Estampado Pera Chic,https://www.farmrio.com.br/vestido-cropped-estampado-pera-chic-pera-chic_verde-bertalha-334121-49191/p,149193,https://lojafarm.vteximg.com.br/arquivos/ids/3416168-500-750/334121_49191_1-VESTIDO-CROPPED-PERA-CHIC.jpg?v=638590847111470000
vestido,Vestido Manga Estampado Pera Chic,https://www.farmrio.com.br/vestido-manga-estampado-pera-chic-pera-chic_verde-bertalha-334122-49191/p,149202,https://lojafarm.vteximg.com.br/arquivos/ids/3430819-500-750/334122_49191_1-VESTIDO-MANGA-PERA-CHIC.jpg?v=638606268794170000
vestido,Vestido Curto Estampado Pera Chic,https://www.farmrio.com.br/vestido-curto-estampado-pera-chic-pera-chic_verde-bertalha-334119-49191/p,149175,https://lojafarm.vteximg.com.br/arquivos/ids/3402715-500-750/334119_49191_1-BLUSA-PERA-CHIC.jpg?v=638575292201430000
vestido,Vestido Laise Artesanal,https://www.farmrio.com.br/vestido-laise-artesanal-amarelo-java-333477-07467/p,150638,https://lojafarm.vteximg.com.br/arquivos/ids/3412888-500-750/333477_07467_1-VESTIDO-LAISE-ARTESANAL.jpg?v=638590779311800000
vestido,Vestido Longo Estampado Luau Das Onças,https://www.farmrio.com.br/vestido-longo-estampado-luau-das-oncas-luau-das-oncas_multicolorido-334246-49096/p,148737,https://lojafarm.vteximg.com.br/arquivos/ids/3416603-500-750/334246_49096_1-VESTIDO-LONGO-LUAU-DAS-ONCAS.jpg?v=638590860581400000
vestido,Camisa Vestido Estampada Luau Das Onças,https://www.farmrio.com.br/camisa-vestido-estampada-luau-das-oncas-luau-das-oncas_multicolorido-336528-49096/p,150167,https://lojafarm.vteximg.com.br/arquivos/ids/3437299-500-750/336528_49096_1-CAMISA-VESTIDO-ESTAMPADA-LUAU-DAS-ONCAS.jpg?v=638627221159230000
vestido,Vestido Longo Estampado Caribe,https://www.farmrio.com.br/vestido-longo-estampado-caribe-caribe_off-white-334310-49193/p,148384,https://lojafarm.vteximg.com.br/arquivos/ids/3417456-500-750/334310_49193_1-VESTIDO-LONGO-CARIBE.jpg?v=638590869181330000
vestido,Vestido Curto Estampado Caribe,https://www.farmrio.com.br/vestido-curto-estampado-caribe-caribe_off-white-334312-49193/p,148404,https://lojafarm.vteximg.com.br/arquivos/ids/3417488-500-750/334312_49193_1-VESTIDO-CURTO-CARIBE.jpg?v=638590869511270000
vestido,Vestido Longo Babados,https://www.farmrio.com.br/vestido-longo-babados-off-white-338843-07448/p,151596,https://lojafarm.vteximg.com.br/arquivos/ids/3426060-500-750/338843_07448_1-VESTIDO-LONGO-BABADOS.jpg?v=638603562136370000
vestido,Vestido Midi Estampado Refresco,https://www.farmrio.com.br/vestido-midi-estampado-refresco-refresco_malha_azul-caribe-335192-49483/p,149273,https://lojafarm.vteximg.com.br/arquivos/ids/3425974-500-750/335192_49483_1-VESTIDO-MIDI-REFRESCO.jpg?v=638603554051130000
vestido,Vestido T-Shirt Big Estampado Refresco,https://www.farmrio.com.br/vestido-t-shirt-big-estampado-refresco-refresco_localizado-malha_azul-caribe-334059-49484/p,148969,https://lojafarm.vteximg.com.br/arquivos/ids/3415933-500-750/334059_49484_1-VESTIDO-TSHIRT-BIG-REFRESCO.jpg?v=638590842926300000
vestido,Vestido Curto Pregas,https://www.farmrio.com.br/vestido-curto-pregas-azul-krabi-333986-05052/p,151676,https://lojafarm.vteximg.com.br/arquivos/ids/3414849-500-750/333986_05052_1-VESTIDO-CURTO-PREGAS.jpg?v=638590808575200000
vestido,Vestido Cropped Estampado Flor Em Mosaico,https://www.farmrio.com.br/vestido-cropped-estampado-flor-em-mosaico-est-flor-em-mosaico_off-white---331133-49562/p,148298,https://lojafarm.vteximg.com.br/arquivos/ids/3438614-500-750/331133_49562_1-VESTIDO-CROPPED-ESTAMPADO-FLOR-EM-MOSAICO.jpg?v=638632980188830000
vestido,Vestido Curto Estampado Flor Em Mosaico,https://www.farmrio.com.br/vestido-curto-estampado-flor-em-mosaico-est-flor-em-mosaico_espelhado_off-white-334414-49571/p,149000,https://lojafarm.vteximg.com.br/arquivos/ids/3363927-500-750/334414_49571_1-VESTIDO-CURTO-ESTAMPADO-FLOR-EM-MOSAICO.jpg?v=638520933617670000
vestido,Vestido Mangas Godê,https://www.farmrio.com.br/vestido-mangas-gode-vermelho-espetaculo-333978-07024/p,150042,https://lojafarm.vteximg.com.br/arquivos/ids/3414663-500-750/333978_07024_1-VESTIDO-MANGAS-GODE.jpg?v=638590806298200000
vestido,Vestido Cropped Estampado Romance De Tucano,https://www.farmrio.com.br/vestido-cropped-estampado-romance-de-tucano-romance-de-tucano_rosa-pitaya-334471-49123/p,148606,https://lojafarm.vteximg.com.br/arquivos/ids/3420349-500-750/334471_49123_1-VESTIDO-CROPPED-ROMANCE-DE-TUCANO.jpg?v=638598566322270000
vestido,Vestido Curto Estampado Romance De Tucano,https://www.farmrio.com.br/vestido-curto-estampado-romance-de-tucano-romance-de-tucano_rosa-pitaya-334473-49123/p,148626,https://lojafarm.vteximg.com.br/arquivos/ids/3435308-500-750/334473_49123_1-VESTIDO-CURTO-ESTAMPADO-ROMANCE-DE-TUCANO.jpg?v=638623558375130000
vestido,Vestido Cropped Tunel Franzido,https://www.farmrio.com.br/vestido-cropped-tunel-franzido-laranja-dalia-334987-02581/p,151293,https://lojafarm.vteximg.com.br/arquivos/ids/3427705-500-750/334987_02581_1-VESTIDO-CROPPED-TUNEL-FRANZIDO.jpg?v=638604120065200000
vestido,Vestido Cropped Estampado Artsy Floral,https://www.farmrio.com.br/vestido-cropped-estampado-artsy-floral-artsy-floral_off-white-334916-49181/p,149379,https://lojafarm.vteximg.com.br/arquivos/ids/3428457-500-750/334916_49181_1-VESTIDO-CROPPED-ARTSY-FLORAL.jpg?v=638604128808130000
vestido,Vestido Estampado Artsy Flor,https://www.farmrio.com.br/vestido-estampado-artsy-flor-artsy-floral_off-white-334126-49181/p,149621,https://lojafarm.vteximg.com.br/arquivos/ids/3416193-500-750/334126_49181_1-VESTIDO-ARTSY-FLOR.jpg?v=638590847466530000
vestido,Vestido Mangas Godê Estampado Refúgio Tropical,https://www.farmrio.com.br/vestido-mangas-gode-estampado-refugio-tropical-refugio-tropical_rosa-caladio-338527-46300/p,151634,https://lojafarm.vteximg.com.br/arquivos/ids/3424655-500-750/338527_46300_1-VESTIDO-MANGAS-GODE-REFUGIO-TROPICAL.jpg?v=638602986894730000
vestido,Vestido Laise Artesanal,https://www.farmrio.com.br/vestido-laise-artesanal-off-white-333477-07448/p,148352,https://lojafarm.vteximg.com.br/arquivos/ids/3412879-500-750/333477_07448_1-VESTIDO-LAISE-ARTESANAL.jpg?v=638590779217300000
vestido,Vestido Reto Estampado Marítima,https://www.farmrio.com.br/vestido-reto-estampado-maritima-maritima_off-white-333915-49157/p,149038,https://lojafarm.vteximg.com.br/arquivos/ids/3429553-500-750/333915_49157_1-VESTIDO-RETO-MARITIMA.jpg?v=638604766131800000
vestido,Vestido Lastex Alcinhas,https://www.farmrio.com.br/vestido-lastex-alcinhas-amarelo-java-333963-07467/p,150124,https://lojafarm.vteximg.com.br/arquivos/ids/3414343-500-750/333963_07467_1-VESTIDO-LASTEX-ALCINHAS.jpg?v=638590795042170000
vestido,Vestido Curto Estampado Água Viva Buquê,https://www.farmrio.com.br/vestido-curto-estampado-agua-viva-buque-agua-viva_amarelo-tati-333937-49195/p,148343,https://lojafarm.vteximg.com.br/arquivos/ids/3444510-500-750/333937_49195_1-VESTIDO-CURTO-ESTAMPADO-AGUA-VIVA-BUQUE.jpg?v=638657246739500000
vestido,Vestido Longo Estampado La Sirena,https://www.farmrio.com.br/vestido-longo-estampado-la-sirena-est-la-sirena_verde-cha-334321-49194/p,148494,https://lojafarm.vteximg.com.br/arquivos/ids/3402810-500-750/334321_49194_1-VESTIDO-LONGO-LA-SIRENA.jpg?v=638575293295330000
vestido,Vestido Curto Estampado La Sirena,https://www.farmrio.com.br/vestido-curto-estampado-la-sirena-est-la-sirena_verde-cha-334322-49194/p,148504,https://lojafarm.vteximg.com.br/arquivos/ids/3417588-500-750/334322_49194_1-VESTIDO-CURTO-LA-SIRENA.jpg?v=638590870631470000
vestido,Vestido Romântico Laise,https://www.farmrio.com.br/vestido-romantico-laise-off-white-333504-07448/p,151337,https://lojafarm.vteximg.com.br/arquivos/ids/3413153-500-750/333504_07448_1-VESTIDO-ROMANTICO-LAISE.jpg?v=638590782299000000
vestido,Vestido Cropped Estampado Mesa De Frutas,https://www.farmrio.com.br/vestido-cropped-estampado-mesa-de-frutas-mesa-de-frutas_azul-nuvem-335767-49182/p,150296,https://lojafarm.vteximg.com.br/arquivos/ids/3425977-500-750/335767_49182_1-VESTIDO-CROPPED-MESA-DE-FRUTA.jpg?v=638603554152370000
vestido,Vestido Tule Estampado Mesa De Frutas,https://www.farmrio.com.br/vestido-tule-estampado-mesa-de-frutas-mesa-de-frutas_azul-nuvem-336385-49182/p,149729,https://lojafarm.vteximg.com.br/arquivos/ids/3428109-500-750/336385_49182_1-VESTIDO-TULE-MESA-DE-FRUTAS.jpg?v=638604123339230000
vestido,Vestido Cropped Pespontos Tweed,https://www.farmrio.com.br/vestido-cropped-pespontos-tweed-natural-334976-0149/p,149413,https://lojafarm.vteximg.com.br/arquivos/ids/3425165-500-750/334976_0149_1-VESTIDO-CROPPED-SEM-ALCA-TWEED.jpg?v=638603237621730000
calca,Calça Jacquard Sol De Cor,https://www.farmrio.com.br/calca-jacquard-sol-de-cor-lilas-azaleia-336472-03430/p,150162,https://lojafarm.vteximg.com.br/arquivos/ids/3428852-500-750/336472_03430_1-CALCA-JACQUARD-DE-SOL.jpg?v=638604133314200000
calca,Calça Estampada Caribe,https://www.farmrio.com.br/calca-estampada-caribe-caribe_off-white-334314-49193/p,148424,https://lojafarm.vteximg.com.br/arquivos/ids/3433270-500-750/334314_49193_1-SHORT-CARIBE.jpg?v=638618299306630000
calca,Calça Longa Plissada Degradê,https://www.farmrio.com.br/calca-longa-plissada-degrade-degrade-aurora-334860-49595/p,150489,https://lojafarm.vteximg.com.br/arquivos/ids/3440258-500-750/334860_49595_1-CALCA-LONGA-PLISSADA-DEGRADE.jpg?v=638640271040170000
calca,Calça Estampada Leque De Palmeira,https://www.farmrio.com.br/calca-estampada-leque-de-palmeira-leque-de-palmeira_off-white-334316-49187/p,148444,https://lojafarm.vteximg.com.br/arquivos/ids/3439858-500-750/334316_49187_1-CALCA-ESTAMPADA-LEQUE-DE-PALMEIRA.jpg?v=638640217931100000
calca,Calça Pantalona Estampada Banana Flora,https://www.farmrio.com.br/calca-pantalona-estampada-banana-flora-banana-flora_verde-lima-333928-49098/p,149192,https://lojafarm.vteximg.com.br/arquivos/ids/3444495-500-750/333928_49098_1-CALCA-PANTALONA-ESTAMPADA-BANANA-FLORA.jpg?v=638657246554130000
calca,Calça Reta Estampada Marítima,https://www.farmrio.com.br/calca-reta-estampada-maritima-maritima_off-white-333920-49157/p,149439,https://lojafarm.vteximg.com.br/arquivos/ids/3413699-500-750/333920_49157_1-CALCA-RETA-MARITIMA.jpg?v=638590787717530000
calca,Calça Adidas Palms Party Indigo,https://www.farmrio.com.br/calca-adidas-palms-party-indigo-azul-marinho-332625-3607/p,82980,https://lojafarm.vteximg.com.br/arquivos/ids/3384100-500-750/332625_3607_1-CALCA-ADIDAS-PALMS-PARTY-INDIGO.jpg?v=638536372436030000
calca,Legging Adidas Palms Party Marrom,https://www.farmrio.com.br/legging-adidas-palms-party-marrom-azul-marinho-332616-3607/p,82953,https://lojafarm.vteximg.com.br/arquivos/ids/3444049-500-750/332616_3607_1-LEGGING-ADIDAS-PALMS-PARTY-INDIGO.jpg?v=638654814098200000
calca,Calça Adidas Tropical Oasis Areia,https://www.farmrio.com.br/calca-adidas-tropical-oasis-areia-areia-332589-6217/p,82881,https://lojafarm.vteximg.com.br/arquivos/ids/3383540-500-750/332589_6217_1-CALCA-ADIDAS-TROPICAL-OASIS-AREIA.jpg?v=638536367667300000
calca,Legging Adidas Palms Party Indigo,https://www.farmrio.com.br/legging-adidas-palms-party-indigo-marrom-332635-0012/p,83010,https://lojafarm.vteximg.com.br/arquivos/ids/3444056-500-750/332635_0012_1-LEGGING-ADIDAS-PALMS-PARTY-MARROM.jpg?v=638654814177170000
calca,Calça Longa Plissada Degradê,https://www.farmrio.com.br/calca-longa-plissada-degrade-degrade-grumari-334860-46593/p,150488,https://lojafarm.vteximg.com.br/arquivos/ids/3440253-500-750/334860_46593_1-CALCA-LONGA-PLISSADA-DEGRADE.jpg?v=638640270930470000
calca,Calça Pantalona Estampada Floral Bela,https://www.farmrio.com.br/calca-pantalona-estampada-floral-bela-floral-bela_off-white-334931-49143/p,149414,https://lojafarm.vteximg.com.br/arquivos/ids/3423533-500-750/334931_49143_1-CALCA-PANTALONA-FLORAL-BELA.jpg?v=638602959556870000
calca,Calça Pantalona Estampada Maralina,https://www.farmrio.com.br/calca-pantalona-estampada-maralina-maralina_espelhado_laranja-tartine-334380-49403/p,149513,https://lojafarm.vteximg.com.br/arquivos/ids/3437264-500-750/334380_49403_1-CALCA-PANTALONA-ESTAMPADA-MARALINA.jpg?v=638627220785630000
calca,Calça Faixa Botões,https://www.farmrio.com.br/calca-faixa-botoes-laranja-dalia-334009-02581/p,150227,https://lojafarm.vteximg.com.br/arquivos/ids/3415393-500-750/334009_02581_1-CALCA-RETA-BOLSO-FRENTE.jpg?v=638590814590030000
calca,Calça Estampada Myriad,https://www.farmrio.com.br/calca-estampada-myriad-est-myriad_barrado_laranja-damasco-329797-49314/p,148509,https://lojafarm.vteximg.com.br/arquivos/ids/3388278-500-750/329797_49314_1-CALCA-ESTAMPADA-MYRIAD.jpg?v=638552081223030000
calca,Calça Pantalona Estampada Entardecer,https://www.farmrio.com.br/calca-pantalona-estampada-entardecer-degrade-entardecer_verde-meros-334440-49154/p,148325,https://lojafarm.vteximg.com.br/arquivos/ids/3421000-500-750/334440_49154_1-SAIA-DEGRADE-ENTARDECER.jpg?v=638599214038470000
calca,Calça Pantalona Estampada Gráfico De Cobra,https://www.farmrio.com.br/calca-pantalona-estampada-grafico-de-cobra-est-grafico-de-cobra_eng-calca_bege-arei-329799-49319/p,148529,https://lojafarm.vteximg.com.br/arquivos/ids/3388325-500-750/329799_49319_1-CALCA-PANTALONA-ESTAMPADA-GRAFICO-DE-COBRA.jpg?v=638552081667930000
calca,Calça Plissada,https://www.farmrio.com.br/calca-plissada-azul-krabi-334372-05052/p,148820,https://lojafarm.vteximg.com.br/arquivos/ids/3433320-500-750/334372_05052_1-CALCA-PLISSADA.jpg?v=638618299788470000
calca,Calça Sarja Recorte Amarelo Neon,https://www.farmrio.com.br/calca-sarja-recorte-amarelo-neon-amarelo-neon-335110-2660/p,151631,https://lojafarm.vteximg.com.br/arquivos/ids/3403245-500-750/335110_2660_1-CALCA-SARJA-RECORTE-NEON.jpg?v=638575297675200000
calca,Calça Faixa Botões,https://www.farmrio.com.br/calca-faixa-botoes-amarelo-java-334009-07467/p,150221,https://lojafarm.vteximg.com.br/arquivos/ids/3439747-500-750/334009_07467_1-CALCA-FAIXA-BOTOES.jpg?v=638640216521930000
calca,Calça Pantalona Pregas,https://www.farmrio.com.br/calca-pantalona-pregas-verde-trevo-334006-07446/p,150220,https://lojafarm.vteximg.com.br/arquivos/ids/3440736-500-750/334006_07446_1-CALCA-PANTALONA-PREGAS.jpg?v=638641784617100000
calca,Calça Pregas Bolso Alfaiataria,https://www.farmrio.com.br/calca-pregas-bolso-alfaiataria-verde-trevo-334020-07446/p,150092,https://lojafarm.vteximg.com.br/arquivos/ids/3437235-500-750/334020_07446_1-CALCA-PREGAS-BOLSO-ALFAIATARIA.jpg?v=638627220494200000
calca,Calça Pantalona Pala,https://www.farmrio.com.br/calca-pantalona-pala-verde-relva-334013-07446/p,150103,https://lojafarm.vteximg.com.br/arquivos/ids/3415524-500-750/334013_07446_1-CALCA-PANTALONA-PALA.jpg?v=638590816139500000
calca,Calça Sarja Recorte Off,https://www.farmrio.com.br/calca-sarja-recorte-off-off-white-338847-0003/p,151626,https://lojafarm.vteximg.com.br/arquivos/ids/3427446-500-750/338847_0003_1-CALCA-SARJA-RECORTE-OFF.jpg?v=638604115784870000
calca,Calça Pregas Bolso Alfaiataria,https://www.farmrio.com.br/calca-pregas-bolso-alfaiataria-off-white-334020-07448/p,150091,https://lojafarm.vteximg.com.br/arquivos/ids/3415618-500-750/334020_07448_1-CALCA-PREGAS-BOLSO-ALFAIATARIA.jpg?v=638590817011300000
calca,Calça Pantalona Pregas,https://www.farmrio.com.br/calca-pantalona-pregas-off-white-334006-07448/p,150224,https://lojafarm.vteximg.com.br/arquivos/ids/3415388-500-750/334006_07448_1-CALCA-PANTALONA-PREGAS.jpg?v=638590814539330000
calca,Calça Faixa Botões,https://www.farmrio.com.br/calca-faixa-botoes-off-white-334009-07448/p,151458,https://lojafarm.vteximg.com.br/arquivos/ids/3415403-500-750/334009_07448_1-CALCA-RETA-BOLSO-FRENTE.jpg?v=638590814683300000
calca,Calça Pantalona Bolso,https://www.farmrio.com.br/calca-pantalona-bolso-off-white-336815-07448/p,150253,https://lojafarm.vteximg.com.br/arquivos/ids/3426777-500-750/336815_07448_1-CALCA-PANTALONA-BOLSO.jpg?v=638603896273030000
calca,Calça Pantalona Pregas,https://www.farmrio.com.br/calca-pantalona-pregas-preto-334006-0013/p,150223,https://lojafarm.vteximg.com.br/arquivos/ids/3415368-500-750/334006_0013_1-CALCA-PANTALONA-PREGAS.jpg?v=638590814335570000
calca,Calça Faixa Botões,https://www.farmrio.com.br/calca-faixa-botoes-preto-334009-0013/p,151457,https://lojafarm.vteximg.com.br/arquivos/ids/3415383-500-750/334009_0013_1-CALCA-RETA-BOLSO-FRENTE.jpg?v=638590814493230000
calca,Calça Detalhe Pesponto,https://www.farmrio.com.br/calca-detalhe-pesponto-preto-333998-0013/p,150126,https://lojafarm.vteximg.com.br/arquivos/ids/3402666-500-750/333998_0013_1-CALCA-DETALHE-PESPONTO.jpg?v=638575291710700000
calca,Calça Pantalona Estampada Foz,https://www.farmrio.com.br/calca-pantalona-estampada-foz-est-foz_preto-333373-49085/p,149114,https://lojafarm.vteximg.com.br/arquivos/ids/3412689-500-750/333373_49085_1-CALCA-PANTALONA-FOZ.jpg?v=638590768473230000
calca,Calça Pantalona Estampada Papillon,https://www.farmrio.com.br/calca-pantalona-estampada-papillon-est-papillon_preto---334417-49083/p,149030,https://lojafarm.vteximg.com.br/arquivos/ids/3420719-500-750/334417_49083_1-CALCA-PANTALONA-PAPILLON.jpg?v=638599204541130000
calca,Calça Pantalona Pregas,https://www.farmrio.com.br/calca-pantalona-pregas-preto-330185-0013/p,84050,https://lojafarm.vteximg.com.br/arquivos/ids/3393114-500-750/330185_0013_1-CALCA-PANTALONA-PREGAS.jpg?v=638560468364270000
calca,Calça Tricot Artesanal,https://www.farmrio.com.br/calca-tricot-artesanal-preto-333853-0013/p,84420,https://lojafarm.vteximg.com.br/arquivos/ids/3372052-500-750/333853_0013_1-CALCA-TRICOT-ARTESANAL.jpg?v=638521603367100000
calca,Calça Jacquard Estampada Concha Do Mar,https://www.farmrio.com.br/calca-jacquard-estampada-concha-do-mar-est-concha-do-mar_off-white-333846-49188/p,148898,https://lojafarm.vteximg.com.br/arquivos/ids/3404977-500-750/333846_49188_1-CALCA-JACQUARD-CONCHA-DO-MAR.jpg?v=638579701560430000
calca,Calça Jeans Recorte Cós Elástico,https://www.farmrio.com.br/calca-jeans-recorte-cos-elastico-jeans-claro-333021-0101/p,83359,https://lojafarm.vteximg.com.br/arquivos/ids/3370626-500-750/333021_0101_1-CALCA-JEANS-RECORTE-COS-ELASTICO.jpg?v=638521003642500000
calca,Calça Estampada Milani Coqueiros Localizado,https://www.farmrio.com.br/calca-estampada-milani-coqueiros-localizado-est-milani-coqueiros-localizado_off-whit-330398-48316/p,84490,https://lojafarm.vteximg.com.br/arquivos/ids/3400202-500-750/330398_48316_1-CALCA-ESTAMPADA-MILANI-COQUEIROS-LOCALIZADO.jpg?v=638569349922070000
calca,Calça Pantalona Estampada Heloísa,https://www.farmrio.com.br/calca-pantalona-estampada-heloisa-est-heloisa_off-white---332046-48295/p,84418,https://lojafarm.vteximg.com.br/arquivos/ids/3377688-500-750/332046_48295_1-CALCA-PANTALONA-ESTAMPADA-HELOISA.jpg?v=638524989708570000
calca,Calça Pantalona Estampada Ravenala,https://www.farmrio.com.br/calca-pantalona-estampada-ravenala-est-ravenala_verde-alecrim---329469-48292/p,81841,https://lojafarm.vteximg.com.br/arquivos/ids/3379390-500-750/329469_48292_1-CALCA-PANTALONA-ESTAMPADA-RAVENALA.jpg?v=638527510736500000
calca,Calça Faixa Clochard,https://www.farmrio.com.br/calca-faixa-clochard-bege-cris-339080-07419/p,151748,https://lojafarm.vteximg.com.br/arquivos/ids/3419826-500-750/339080_07419_1-CALCA-FAIXA-CLOCHARD.jpg?v=638594270032600000
calca,Calça Pantalona Estampada Voo Doce,https://www.farmrio.com.br/calca-pantalona-estampada-voo-doce-voo-doce_preto-331228-48311/p,83075,https://lojafarm.vteximg.com.br/arquivos/ids/3369138-500-750/331228_48311_1-CALCA-PANTALONA-ESTAMPADA-VOO-DOCE.jpg?v=638520988987000000
calca,Calça Pantalona Estampada Realeza De Banana,https://www.farmrio.com.br/calca-pantalona-estampada-realeza-de-banana-est-realeza-de-banana_bege-barbante---329503-48224/p,81919,https://lojafarm.vteximg.com.br/arquivos/ids/3402088-500-750/329503_48224_1-CALCA-PANTALONA-ESTAMPADA-REALEZA-DE-BANANA.jpg?v=638573651878300000
calca,Calça Faixa Clochard,https://www.farmrio.com.br/calca-faixa-clochard-azul-krabi-339080-05052/p,151746,https://lojafarm.vteximg.com.br/arquivos/ids/3431704-500-750/339080_05052_1-CALCA-FAIXA-CLOCHARD.jpg?v=638612274105100000
calca,Calça Estampada Capadócia,https://www.farmrio.com.br/calca-estampada-capadocia-capadocia_azul-grumari-331121-48303/p,82900,https://lojafarm.vteximg.com.br/arquivos/ids/3368707-500-750/331121_48303_1-CALCA-ESTAMPADA-CAPADOCIA.jpg?v=638520984416900000
calca,Calça Cenoura Detalhe Frente,https://www.farmrio.com.br/calca-cenoura-detalhe-frente-preto-330173-0013/p,83960,https://lojafarm.vteximg.com.br/arquivos/ids/3367359-500-750/330173_0013_1-CALCA-CENOURA-DETALHE-FRENTE.jpg?v=638520970451500000
calca,Calça Zebrina,https://www.farmrio.com.br/calca-zebrina-zebrina_verde-ficus-330120-48253/p,83604,https://lojafarm.vteximg.com.br/arquivos/ids/3366124-500-750/330120_48253_1-CALCA-ZEBRINA.jpg?v=638520959766030000
calca,Calça Pantalona Estampada Orquídea,https://www.farmrio.com.br/calca-pantalona-estampada-orquidea-est-orquidea_preto---329467-48309/p,81833,https://lojafarm.vteximg.com.br/arquivos/ids/3384932-500-750/329467_48309_1-CALCA-PANTALONA-ESTAMPADA-ORQUIDEA.jpg?v=638544114612300000
calca,Calça Plissada Estampada Tropicaxi,https://www.farmrio.com.br/calca-plissada-estampada-tropicaxi-est-tropicaxi_verde-absinto---330237-48293/p,84161,https://lojafarm.vteximg.com.br/arquivos/ids/3379771-500-750/330237_48293_1-CALCA-PLISSADA-ESTAMPADA-TROPICAXI.jpg?v=638527513612670000
calca,Calça Jeans Wide Recorte,https://www.farmrio.com.br/calca-jeans-wide-recorte-jeans-331714-0142/p,83796,https://lojafarm.vteximg.com.br/arquivos/ids/3369737-500-750/331714_0142_1-CALCA-JEANS-WIDE-RECORTE.jpg?v=638520994716070000
top,Top Estampado Delicadeza De Floral,https://www.farmrio.com.br/top-estampado-delicadeza-de-floral-delicadeza-de-floral_verde-hortela-334337-49200/p,148650,https://lojafarm.vteximg.com.br/arquivos/ids/3420544-500-750/334337_49200_1-TOP-DELICADEZA-DE-FLORAL.jpg?v=638599195540130000
top,Top Estampado Leque De Palmeira,https://www.farmrio.com.br/top-estampado-leque-de-palmeira-leque-de-palmeira_off-white-334315-49187/p,148434,https://lojafarm.vteximg.com.br/arquivos/ids/3444675-500-750/334315_49187_1-TOP-ESTAMPADO-LEQUE-DE-PALMEIRA.jpg?v=638657248421000000
top,Top Reto Double Estampado Tucabacana,https://www.farmrio.com.br/top-reto-double-estampado-tucabacana-tucabacana_azul-maceio-334673-49089/p,149391,https://lojafarm.vteximg.com.br/arquivos/ids/3426876-500-750/334673_49089_1-TOP-RETO-DOUBLE-TUCABACANA.jpg?v=638604110023230000
top,Top Degradê Estampado Aurora,https://www.farmrio.com.br/top-degrade-estampado-aurora-degrade-aurora_top-malha_multicolorido-339418-51256/p,152707,https://lojafarm.vteximg.com.br/arquivos/ids/3428946-500-750/339418_51256_1-TOP-DEGRADE-AURORA.jpg?v=638604134201200000
top,Top Degradê Estampado Grumari,https://www.farmrio.com.br/top-degrade-estampado-grumari-degrade-grumari_top-malha_multicolorido-339419-51257/p,152711,https://lojafarm.vteximg.com.br/arquivos/ids/3426263-500-750/339419_51257_1-TOP-DEGRADE-GRUMARI.jpg?v=638603597325400000
top,Top Estampado Luau Das Onças,https://www.farmrio.com.br/top-estampado-luau-das-oncas-luau-das-oncas_multicolorido-336527-49096/p,150168,https://lojafarm.vteximg.com.br/arquivos/ids/3428152-500-750/336527_49096_1-TOP-LUAU-DAS-ONCAS.jpg?v=638604123666200000
top,Top Adidas Palms Party Indigo,https://www.farmrio.com.br/top-adidas-palms-party-indigo-azul-marinho-332615-3607/p,82950,https://lojafarm.vteximg.com.br/arquivos/ids/3399153-500-750/332615_3607_1-TOP-ADIDAS-PALMS-PARTY-INDIGO.jpg?v=638568387268100000
top,Top Adidas Logomania Roxo,https://www.farmrio.com.br/top-adidas-logomania-roxo-roxo-332554-1261/p,82806,https://lojafarm.vteximg.com.br/arquivos/ids/3403819-500-750/332554_1261_1-TOP-ADIDAS-LOGOMANIA-ROXO.jpg?v=638576000822700000
top,Top Estampado Beleza Romântica,https://www.farmrio.com.br/top-estampado-beleza-romantica-est-beleza-romantica_off-white-336376-49115/p,150277,https://lojafarm.vteximg.com.br/arquivos/ids/3427308-500-750/336376_49115_1-BATA-BELEZA-ROMANTICA.jpg?v=638604114488400000
top,Top Sem Alça Estampado Mesa Fresca,https://www.farmrio.com.br/top-sem-alca-estampado-mesa-fresca-mesa-fresca_multicolorido-335157-49171/p,149315,https://lojafarm.vteximg.com.br/arquivos/ids/3439937-500-750/335157_49171_1-TOP-SEM-ALCA-ESTAMPADO-MESA-FRESCA.jpg?v=638640225532000000
top,Top Detalhe Alça,https://www.farmrio.com.br/top-detalhe-alca-off-white-334012-07448/p,153788,https://lojafarm.vteximg.com.br/arquivos/ids/3439752-500-750/334012_07448_1-TOP-DETALHE-ALCA.jpg?v=638640216580530000
top,Top Estampado Floral Bela,https://www.farmrio.com.br/top-estampado-floral-bela-floral-bela_off-white-334333-49143/p,148610,https://lojafarm.vteximg.com.br/arquivos/ids/3420494-500-750/334333_49143_1-TOP-FLORAL-BELA.jpg?v=638599194976830000
top,Top Alça Tweed,https://www.farmrio.com.br/top-alca-tweed-natural-334978-0149/p,149412,https://lojafarm.vteximg.com.br/arquivos/ids/3429291-500-750/334978_0149_1-TOP-BABADO-TWEED.jpg?v=638604688375430000
top,Top Estampado Myriad Listra,https://www.farmrio.com.br/top-estampado-myriad-listra-myriad_listra_preto-329791-49315/p,148419,https://lojafarm.vteximg.com.br/arquivos/ids/3388151-500-750/329791_49315_1-TOP-ESTAMPADO-MYRIAD-LISTRA.jpg?v=638552080120400000
top,Top Sem Alça Vira,https://www.farmrio.com.br/top-sem-alca-vira-preto-334983-0013/p,150015,https://lojafarm.vteximg.com.br/arquivos/ids/3430733-500-750/334983_0013_1-TOP-SEM-ALCA-RAYON.jpg?v=638606251452200000
top,Top Double Estampado Refresco,https://www.farmrio.com.br/top-double-estampado-refresco-refresco_saia-malha_off-white-334221-49485/p,148667,https://lojafarm.vteximg.com.br/arquivos/ids/3416535-500-750/334221_49485_1-TOP-RETO-REFRESCO.jpg?v=638590852379400000
top,Corselet Jeans Sem Alça,https://www.farmrio.com.br/corselet-jeans-sem-alca-jeans-claro-336822-0101/p,150323,https://lojafarm.vteximg.com.br/arquivos/ids/3430195-500-750/336822_0101_1-CORSELET-JEANS-SEM-ALCA.jpg?v=638605469267070000
top,Top Sem Alça Vira,https://www.farmrio.com.br/top-sem-alca-vira-off-white-334983-07448/p,149474,https://lojafarm.vteximg.com.br/arquivos/ids/3441785-500-750/334983_07448_1-TOP-SEM-ALCA-VIRA.jpg?v=638645157569870000
top,Top Corselet Alças,https://www.farmrio.com.br/top-corselet-alcas-off-white-333999-07448/p,150061,https://lojafarm.vteximg.com.br/arquivos/ids/3415243-500-750/333999_07448_1-BLUSA-CORSELET-ALCAS.jpg?v=638590813038170000
top,Top Sem Alça Vira,https://www.farmrio.com.br/top-sem-alca-vira-vermelho-espetaculo-334983-07024/p,150016,https://lojafarm.vteximg.com.br/arquivos/ids/3403202-500-750/334983_07024_1-TOP-SEM-ALCA-RAYON.jpg?v=638575297249270000
top,Top Sem Alça Vira,https://www.farmrio.com.br/top-sem-alca-vira-verde-trevo-334983-07446/p,150017,https://lojafarm.vteximg.com.br/arquivos/ids/3430745-500-750/334983_07446_1-TOP-SEM-ALCA-RAYON.jpg?v=638606251572800000
top,Top Estampado Sonho Dos Pássaros,https://www.farmrio.com.br/top-estampado-sonho-dos-passaros-est-sonho-dos-passaros_preto-331643-48288/p,83600,https://lojafarm.vteximg.com.br/arquivos/ids/3373344-500-750/331643_48288_1-TOP-ESTAMPADO-SONHO-DOS-PASSAROS.jpg?v=638521633544200000
top,Top Reto Estampado Foz,https://www.farmrio.com.br/top-reto-estampado-foz-foz_saia-malha_preto-334218-49465/p,148637,https://lojafarm.vteximg.com.br/arquivos/ids/3416490-500-750/334218_49465_1-TOP-RETO-FOZ.jpg?v=638590851544830000
top,Top Estampado Papillon,https://www.farmrio.com.br/top-estampado-papillon-est-papillon_preto---338842-49083/p,151589,https://lojafarm.vteximg.com.br/arquivos/ids/3424746-500-750/338842_49083_1-TOP-PAPILLON.jpg?v=638603174928830000
top,Top Tricot Corselet,https://www.farmrio.com.br/top-tricot-corselet-off-white-331791-0024/p,83973,https://lojafarm.vteximg.com.br/arquivos/ids/3373434-500-750/331791_0024_1-TOP-TRICOT-CORSELET.jpg?v=638521634545000000
top,Top Double Estampado Heloísa,https://www.farmrio.com.br/top-double-estampado-heloisa-est-heloisa_off-white---332039-48295/p,84396,https://lojafarm.vteximg.com.br/arquivos/ids/3377660-500-750/332039_48295_1-TOP-DOUBLE-ESTAMPADO-HELOISA.jpg?v=638524989377230000
top,Top Orquídea Maxi,https://www.farmrio.com.br/top-orquidea-maxi-est-orquidea_maxi_vermelho-escarlate-334832-48734/p,148821,https://lojafarm.vteximg.com.br/arquivos/ids/3435363-500-750/334832_48734_1-TOP-ORQUIDEA-MAXI.jpg?v=638623559033770000
top,Top Borboleta Em Flor,https://www.farmrio.com.br/top-borboleta-em-flor-orquidea_azul-vento-335155-48226/p,149013,https://lojafarm.vteximg.com.br/arquivos/ids/3435383-500-750/335155_48226_1-TOP-BORBOLETA-EM-FLOR.jpg?v=638623559342470000
top,Top Estampado Rio Antigo,https://www.farmrio.com.br/top-estampado-rio-antigo-rio-antigo_multicolorido-332992-48274/p,83341,https://lojafarm.vteximg.com.br/arquivos/ids/3377954-500-750/332992_48274_1-TOP-ESTAMPADO-RIO-ANTIGO.jpg?v=638525001326000000
top,Top Reto Sem Alça,https://www.farmrio.com.br/top-reto-sem-alca-bege-cris-331801-07419/p,84072,https://lojafarm.vteximg.com.br/arquivos/ids/3370065-500-750/331801_07419_1-TOP-RETO-SEM-ALCA.jpg?v=638520997781030000
top,Top Ombros De Fora Estampado Voo Doce,https://www.farmrio.com.br/top-ombros-de-fora-estampado-voo-doce-voo-doce_preto-331227-48311/p,83072,https://lojafarm.vteximg.com.br/arquivos/ids/3377386-500-750/331227_48311_1-TOP-OMBROS-DE-FORA-ESTAMPADO-VOO-DOCE.jpg?v=638524986819070000
top,Top Estampado Luiza,https://www.farmrio.com.br/top-estampado-luiza-luiza_verde-broto-334551-48300/p,149172,https://lojafarm.vteximg.com.br/arquivos/ids/3407731-500-750/334551_48300_1-TOP-ESTAMPADO-LUIZA.jpg?v=638581443365400000
top,Top Estampado Bananarte,https://www.farmrio.com.br/top-estampado-bananarte-est-bananarte_amarelo-nectar-330364-48218/p,84408,https://lojafarm.vteximg.com.br/arquivos/ids/3402210-500-750/330364_48218_1-TOP-ESTAMPADO-BANANARTE.jpg?v=638575172811330000
top,Top Tricot Corselet,https://www.farmrio.com.br/top-tricot-corselet-bege-cris-331791-07419/p,83982,https://lojafarm.vteximg.com.br/arquivos/ids/3373449-500-750/331791_07419_1-TOP-TRICOT-CORSELET.jpg?v=638521634705600000
top,Top Artesanal Lenço Floraline,https://www.farmrio.com.br/top-artesanal-lenco-floraline-lenco-floraline_off-white-329722-48265/p,81783,https://lojafarm.vteximg.com.br/arquivos/ids/3393679-500-750/329722_48265_1-TOP-ARTESANAL-LENCO-FLORALINE.jpg?v=638560656486730000
top,Top Estampado Luiza,https://www.farmrio.com.br/top-estampado-luiza-est-luiza_off-white-330359-48267/p,84397,https://lojafarm.vteximg.com.br/arquivos/ids/3375602-500-750/330359_48267_1-TOP-ESTAMPADO-LUIZA.jpg?v=638524379853500000
top,Top Jeans Recortes,https://www.farmrio.com.br/top-jeans-recortes-jeans-331709-0142/p,83781,https://lojafarm.vteximg.com.br/arquivos/ids/3377521-500-750/331709_0142_1-TOP-JEANS-RECORTES.jpg?v=638524988221170000
top,Top Estampado Chita Bella,https://www.farmrio.com.br/top-estampado-chita-bella-chita-bella-barrado_verde-folha-332986-48325/p,148018,https://lojafarm.vteximg.com.br/arquivos/ids/3370566-500-750/332986_48325_1-TOP-ESTAMPADO-CHITA-BELLA.jpg?v=638521002910700000
top,Top Detalhe Botões,https://www.farmrio.com.br/top-detalhe-botoes-amarelo-cevada-330170-07414/p,83942,https://lojafarm.vteximg.com.br/arquivos/ids/3377122-500-750/330170_07414_1-TOP-DETALHE-BOTOES.jpg?v=638524984285270000
top,Top Estampado Alice,https://www.farmrio.com.br/top-estampado-alice-alice_off-white-334974-49008/p,148387,https://lojafarm.vteximg.com.br/arquivos/ids/3407816-500-750/334974_49008_1-TOP-ESTAMPADO-ALICE.jpg?v=638581444160200000
top,Top Sarja Bisne,https://www.farmrio.com.br/top-sarja-bisne-rosa-pulpa-331681-8021/p,83690,https://lojafarm.vteximg.com.br/arquivos/ids/3444391-500-750/331681_8021_1-TOP-SARJA-BISNE.jpg?v=638657245497870000
top,Top Costela De Adão Artesanal,https://www.farmrio.com.br/top-costela-de-adao-artesanal-bege-cris-329779-07419/p,82949,https://lojafarm.vteximg.com.br/arquivos/ids/3372367-500-750/329779_07419_1-TOP-COSTELA-DE-ADAO-ARTESANAL.jpg?v=638521616260900000
top,Top Reto Sem Alça,https://www.farmrio.com.br/top-reto-sem-alca-vermelho-morango-331801-07415/p,84069,https://lojafarm.vteximg.com.br/arquivos/ids/3359063-500-750/331801_07415_1-TOP-RETO-SEM-ALCA.jpg?v=638515668486870000
top,Top Tricot Corselet,https://www.farmrio.com.br/top-tricot-corselet-vermelho-morango-331791-07415/p,148232,https://lojafarm.vteximg.com.br/arquivos/ids/3370004-500-750/331791_07415_1-TOP-TRICOT-CORSELET.jpg?v=638520997179500000
top,Top Tricot Corselet,https://www.farmrio.com.br/top-tricot-corselet-azul-krabi-331791-05052/p,83979,https://lojafarm.vteximg.com.br/arquivos/ids/3373440-500-750/331791_05052_1-TOP-TRICOT-CORSELET.jpg?v=638521634628130000
top,Top Reto Sem Alça,https://www.farmrio.com.br/top-reto-sem-alca-azul-krabi-331801-05052/p,84066,https://lojafarm.vteximg.com.br/arquivos/ids/3370058-500-750/331801_05052_1-TOP-RETO-SEM-ALCA.jpg?v=638520997709730000
top,Top Tricot Corselet,https://www.farmrio.com.br/top-tricot-corselet-preto-331791-0013/p,83970,https://lojafarm.vteximg.com.br/arquivos/ids/3393154-500-750/331791_0013_1-TOP-TRICOT-CORSELET.jpg?v=638560468832930000
top,Top Tassel Ráfia,https://www.farmrio.com.br/top-tassel-rafia-preto-322900-0013/p,77512,https://lojafarm.vteximg.com.br/arquivos/ids/3356058-500-750/322900_0013_1-TOP-TASSEL-RAFIA.jpg?v=638506034622900000
top,Top Estampado Coração Laise,https://www.farmrio.com.br/top-estampado-coracao-laise-vermelho-espetaculo-323555-07024/p,78182,https://lojafarm.vteximg.com.br/arquivos/ids/3390991-500-750/323555_07024_1-TOP-ESTAMPADO-CORACAO-LAISE.jpg?v=638556417248500000
top,Tank Top Crf Farm,https://www.farmrio.com.br/tank-top-crf-farm-preto-326128-0013/p,78559,https://lojafarm.vteximg.com.br/arquivos/ids/3346662-500-750/326128_0013_1-TANK-TOP-CRF-FARM.jpg?v=638485488593130000
short,Short Artesanal Laise Concha,https://www.farmrio.com.br/short-artesanal-laise-concha-amarelo-java-338549-07467/p,151615,https://lojafarm.vteximg.com.br/arquivos/ids/3441292-500-750/338549_07467_1-SHORT-ARTESANAL-LAISE-CONCHA.jpg?v=638642547579970000
short,Short Estampado Oasis Tropical,https://www.farmrio.com.br/short-estampado-oasis-tropical-oasis-tropical_lilas-romance-335162-49192/p,149347,https://lojafarm.vteximg.com.br/arquivos/ids/3444892-500-750/335162_49192_1-SHORT-ESTAMPADO-OASIS-TROPICAL.jpg?v=638657250661830000
short,Short Estampado Primavera De Cor,https://www.farmrio.com.br/short-estampado-primavera-de-cor-primavera-de-cor_azul-gelo-334110-49097/p,149139,https://lojafarm.vteximg.com.br/arquivos/ids/3415983-500-750/334110_49097_1-SHORT-PRIMAVERA-DE-COR.jpg?v=638590843795130000
short,Short Estampado Água Viva Buquê,https://www.farmrio.com.br/short-estampado-agua-viva-buque-agua-viva_amarelo-tati-336445-49195/p,149733,https://lojafarm.vteximg.com.br/arquivos/ids/3440476-500-750/336445_49195_1-SHORT-ESTAMPADO-AGUA-VIVA-BUQUE.jpg?v=638641035576970000
short,Bermuda Biker Estampada Tucabacana,https://www.farmrio.com.br/bermuda-biker-estampada-tucabacana-tucabacana_verde-eletrico-334913-49099/p,149091,https://lojafarm.vteximg.com.br/arquivos/ids/3427003-500-750/334913_49099_1-BERMUDA-BIKER-TUCABACANA.jpg?v=638604111504470000
short,Short Saia Estampado Jogo Do Mar,https://www.farmrio.com.br/short-saia-estampado-jogo-do-mar-jogo-do-mar_azul-caribe-333952-49176/p,148493,https://lojafarm.vteximg.com.br/arquivos/ids/3414048-500-750/333952_49176_1-SHORT-JOGO-DO-MAR.jpg?v=638590792282600000
short,Short Adidas Zebra Areia,https://www.farmrio.com.br/short-adidas-zebra-areia-areia-332578-6217/p,82851,https://lojafarm.vteximg.com.br/arquivos/ids/3383392-500-750/332578_6217_1-SHORT-ADIDAS-ZEBRA-AREIA.jpg?v=638536366372500000
short,Short Adidas Oasis Indigo,https://www.farmrio.com.br/short-adidas-oasis-indigo-azul-marinho-332618-3607/p,82959,https://lojafarm.vteximg.com.br/arquivos/ids/3383946-500-750/332618_3607_1-SHORT-ADIDAS-OASIS-INDIGO.jpg?v=638536371174700000
short,Bermuda Adidas Textures Mix Indigo,https://www.farmrio.com.br/bermuda-adidas-textures-mix-indigo-azul-marinho-332620-3607/p,82965,https://lojafarm.vteximg.com.br/arquivos/ids/3384036-500-750/332620_3607_1-BERMUDA-ADIDAS-TEXTURES-MIX-INDIGO.jpg?v=638536371883330000
short,Short Adidas Oasis Marrom,https://www.farmrio.com.br/short-adidas-oasis-marrom-marrom-332636-0012/p,83013,https://lojafarm.vteximg.com.br/arquivos/ids/3384277-500-750/332636_0012_1-SHORT-ADIDAS-OASIS-MARROM.jpg?v=638536373839330000
short,Short Estampado Floral Maria,https://www.farmrio.com.br/short-estampado-floral-maria-floral-maria_off-white-335640-49112/p,149554,https://lojafarm.vteximg.com.br/arquivos/ids/3428752-500-750/335640_49112_1-SHORT-FLORAL-MARIA.jpg?v=638604132097900000
short,Short Sarja Bainha Dobrada Off,https://www.farmrio.com.br/short-sarja-bainha-dobrada-off-off-white-335107-0003/p,150363,https://lojafarm.vteximg.com.br/arquivos/ids/3444811-500-750/335107_0003_1-SHORT-SARJA-BAINHA-DOBRADA-OFF.jpg?v=638657249806000000
short,Bermuda Estampada Mesa Fresca,https://www.farmrio.com.br/bermuda-estampada-mesa-fresca-mesa-fresca_off-white-335975-49665/p,150333,https://lojafarm.vteximg.com.br/arquivos/ids/3428775-500-750/335975_49665_1-BERMUDA-MESA-FRESCA.jpg?v=638604132392170000
short,Bermuda Jeans Baixa Desfiada,https://www.farmrio.com.br/bermuda-jeans-baixa-desfiada-jeans-medio-335118-0105/p,150324,https://lojafarm.vteximg.com.br/arquivos/ids/3444851-500-750/335118_0105_1-BERMUDA-JEANS-BAIXA-DESFIADA.jpg?v=638657250173230000
short,Short Estampado Concha Do Mar,https://www.farmrio.com.br/short-estampado-concha-do-mar-concha-do-mar_off-white-334286-49188/p,149137,https://lojafarm.vteximg.com.br/arquivos/ids/3417201-500-750/334286_49188_1-CALCA-CONCHA-DO-MAR.jpg?v=638590866658930000
short,Short Sarja Bainha Dobrada Rosa Neon,https://www.farmrio.com.br/short-sarja-bainha-dobrada-rosa-neon-rosa-neon-338848-8176/p,151627,https://lojafarm.vteximg.com.br/arquivos/ids/3427443-500-750/338848_8176_1-SHORT-SARJA-BAINHA-DOBRADA-ROSA-NEON.jpg?v=638604115768500000
short,Short Estampado Tucabacana,https://www.farmrio.com.br/short-estampado-tucabacana-tucabacana_vermelho-hibisco-333934-49124/p,148319,https://lojafarm.vteximg.com.br/arquivos/ids/3413848-500-750/333934_49124_1-SHORT-PREGAS-TUCABACANA.jpg?v=638590789664100000
short,Short Sarja Bordado Relicário,https://www.farmrio.com.br/short-sarja-bordado-relicario-off-white-335106-0003/p,150361,https://lojafarm.vteximg.com.br/arquivos/ids/3427881-500-750/335106_0003_1-SHORT-SARJA-BORDADO-RELICARIO.jpg?v=638604121439700000
short,Bermuda Jeans Baixa,https://www.farmrio.com.br/bermuda-jeans-baixa-jeans-medio-335122-0105/p,149470,https://lojafarm.vteximg.com.br/arquivos/ids/3427971-500-750/335122_0105_1-BERMUDA-JEANS-BAIXA.jpg?v=638604122107070000
short,Short Jeans Antique,https://www.farmrio.com.br/short-jeans-antique-jeans-claro-335113-0101/p,149464,https://lojafarm.vteximg.com.br/arquivos/ids/3426437-500-750/335113_0101_1-SHORT-JEANS-ANTIQUE.jpg?v=638603877045700000
short,Short Jeans Curva Médio,https://www.farmrio.com.br/short-jeans-curva-medio-jeans-medio-335112-0105/p,150320,https://lojafarm.vteximg.com.br/arquivos/ids/3427952-500-750/335112_0105_1-SHORT-JEANS-CURVA-ESCURO.jpg?v=638604121945130000
short,Short Jeans Curva Claro,https://www.farmrio.com.br/short-jeans-curva-claro-jeans-claro-335111-0101/p,149467,https://lojafarm.vteximg.com.br/arquivos/ids/3442158-500-750/335111_0101_1-SHORT-JEANS-CURVA-CLARO.jpg?v=638646903626900000
short,Short Sarja Bainha Dobrada Amarelo Neon,https://www.farmrio.com.br/short-sarja-bainha-dobrada-amarelo-neon-amarelo-neon-335109-2660/p,151625,https://lojafarm.vteximg.com.br/arquivos/ids/3427914-500-750/335109_2660_1-SHORT-SARJA-BAINHA-DOBRADA-NEON.jpg?v=638604121672870000
short,Short Sarja Bainha Dobrada Laranja Neon,https://www.farmrio.com.br/short-sarja-bainha-dobrada-laranja-neon-laranja-neon-338849-0005/p,151628,https://lojafarm.vteximg.com.br/arquivos/ids/3403615-500-750/338849_0005_1-SHORT-SARJA-BAINHA-DOBRADA-LARANJA-NEON.jpg?v=638575301058970000
short,Short Pregas Frente,https://www.farmrio.com.br/short-pregas-frente-rosa-marina-334002-07451/p,150100,https://lojafarm.vteximg.com.br/arquivos/ids/3415298-500-750/334002_07451_1-SHORT-PREGAS-FRENTE.jpg?v=638590813639900000
short,Short Pregas Frente,https://www.farmrio.com.br/short-pregas-frente-off-white-334002-07448/p,150099,https://lojafarm.vteximg.com.br/arquivos/ids/3415288-500-750/334002_07448_1-SHORT-PREGAS-FRENTE.jpg?v=638590813561300000
short,Short Fivela Tweed,https://www.farmrio.com.br/short-fivela-tweed-natural-334979-0149/p,149420,https://lojafarm.vteximg.com.br/arquivos/ids/3428567-500-750/334979_0149_1-SHORT-FIVELA-TWEED.jpg?v=638604130070100000
short,Short Recortes Frente,https://www.farmrio.com.br/short-recortes-frente-off-white-334015-07448/p,150233,https://lojafarm.vteximg.com.br/arquivos/ids/3415584-500-750/334015_07448_1-SHORT-RECORTES-FRENTE.jpg?v=638590816717200000
short,Short Franzido Bolso,https://www.farmrio.com.br/short-franzido-bolso-off-white-333996-07448/p,150077,https://lojafarm.vteximg.com.br/arquivos/ids/3415170-500-750/333996_07448_1-SHORT-FRANZIDO-BOLSO.jpg?v=638590812202230000
short,Short Alfaiataria Pregas,https://www.farmrio.com.br/short-alfaiataria-pregas-off-white-333911-07448/p,150484,https://lojafarm.vteximg.com.br/arquivos/ids/3413554-500-750/333911_07448_1-SHORT-ALFAIATARIA-PREGAS.jpg?v=638590786418300000
short,Short Recortes Frente,https://www.farmrio.com.br/short-recortes-frente-amarelo-java-334015-07467/p,150231,https://lojafarm.vteximg.com.br/arquivos/ids/3415595-500-750/334015_07467_1-SHORT-RECORTES-FRENTE.jpg?v=638590816808130000
short,Short Pregas Frente,https://www.farmrio.com.br/short-pregas-frente-preto-334002-0013/p,150098,https://lojafarm.vteximg.com.br/arquivos/ids/3415279-500-750/334002_0013_1-SHORT-PREGAS-FRENTE.jpg?v=638590813484500000
short,Short Recortes Frente,https://www.farmrio.com.br/short-recortes-frente-preto-334015-0013/p,151688,https://lojafarm.vteximg.com.br/arquivos/ids/3415543-500-750/334015_0013_1-SHORT-RECORTES-FRENTE.jpg?v=638590816347300000
short,Short Alfaiataria Pregas,https://www.farmrio.com.br/short-alfaiataria-pregas-verde-trevo-333911-07446/p,150480,https://lojafarm.vteximg.com.br/arquivos/ids/3413543-500-750/333911_07446_1-SHORT-ALFAIATARIA-PREGAS.jpg?v=638590786334530000
short,Short Alfaiataria Pregas,https://www.farmrio.com.br/short-alfaiataria-pregas-vermelho-espetaculo-333911-07024/p,150482,https://lojafarm.vteximg.com.br/arquivos/ids/3413536-500-750/333911_07024_1-SHORT-ALFAIATARIA-PREGAS.jpg?v=638590786252970000
short,Short Recortes Frente,https://www.farmrio.com.br/short-recortes-frente-vermelho-espetaculo-334015-07024/p,150232,https://lojafarm.vteximg.com.br/arquivos/ids/3415566-500-750/334015_07024_1-SHORT-RECORTES-FRENTE.jpg?v=638590816544300000
short,Short Alfaiataria Pregas,https://www.farmrio.com.br/short-alfaiataria-pregas-azul-krabi-333911-05052/p,150481,https://lojafarm.vteximg.com.br/arquivos/ids/3413524-500-750/333911_05052_1-SHORT-ALFAIATARIA-PREGAS.jpg?v=638590786154770000
short,Short Estampado Duda,https://www.farmrio.com.br/short-estampado-duda-duda_azul-grumari-330453-48302/p,84629,https://lojafarm.vteximg.com.br/arquivos/ids/3368319-500-750/330453_48302_1-SHORT-ESTAMPADO-DUDA.jpg?v=638520980507030000
short,Short Estampado Borboleta Em Flor,https://www.farmrio.com.br/short-estampado-borboleta-em-flor-est-borboleta-em-flor_azul-vento---329463-48225/p,81818,https://lojafarm.vteximg.com.br/arquivos/ids/3379330-500-750/329463_48225_1-SHORT-ESTAMPADO-BORBOLETA-EM-FLOR.jpg?v=638527510334430000
short,Short Estampado Abacaxi Deco,https://www.farmrio.com.br/short-estampado-abacaxi-deco-est-abacaxi-deco_bege-barbante---332066-48229/p,84478,https://lojafarm.vteximg.com.br/arquivos/ids/3409042-500-750/332066_48229_1-SHORT-ESTAMPADO-ABACAXI-DECO.jpg?v=638585477937600000
short,Short Jeans Curva,https://www.farmrio.com.br/short-jeans-curva-jeans-medio-328365-0105/p,80527,https://lojafarm.vteximg.com.br/arquivos/ids/3365131-500-750/328365_0105_1-SHORT-JEANS-CURVA.jpg?v=638520950707100000
short,Short Estampado Riad,https://www.farmrio.com.br/short-estampado-riad-est-riad_bege-barbante---332056-48318/p,84449,https://lojafarm.vteximg.com.br/arquivos/ids/3393169-500-750/332056_48318_1-SHORT-ESTAMPADO-RIAD.jpg?v=638560469088270000
short,Short Black Jeans Taco Lateral,https://www.farmrio.com.br/short-black-jeans-taco-lateral-black-jeans-334751-0005/p,148932,https://lojafarm.vteximg.com.br/arquivos/ids/3377842-500-750/334751_0005_1-SHORT-BLACK-JEANS-TACO-LATERAL.jpg?v=638524991462030000
short,Short Estampado Sonho Dos Pássaros,https://www.farmrio.com.br/short-estampado-sonho-dos-passaros-sonho-dos-passaros_preto-329859-48288/p,83055,https://lojafarm.vteximg.com.br/arquivos/ids/3386445-500-750/329859_48288_1-SHORT-ESTAMPADO-SONHO-DOS-PASSAROS.jpg?v=638551747124770000
short,Short Antique Black Jeans,https://www.farmrio.com.br/short-antique-black-jeans-black-jeans-331721-0005/p,83817,https://lojafarm.vteximg.com.br/arquivos/ids/3369794-500-750/331721_0005_1-SHORT-ANTIQUE-BLACK-JEANS.jpg?v=638520995228370000
short,Short Saia Estampado Capadócia,https://www.farmrio.com.br/short-saia-estampado-capadocia-est-capadocia_verde-pesto---329465-48280/p,81820,https://lojafarm.vteximg.com.br/arquivos/ids/3379360-500-750/329465_48280_1-SHORT-SAIA-ESTAMPADO-CAPADOCIA.jpg?v=638527510533070000
short,Short Saia Estampado Festa De Verão,https://www.farmrio.com.br/short-saia-estampado-festa-de-verao-festa-de-verao_vermelho-pargo-329850-48236/p,83027,https://lojafarm.vteximg.com.br/arquivos/ids/3381434-500-750/329850_48236_1-SHORT-SAIA-ESTAMPADO-FESTA-DE-VERAO.jpg?v=638530454901800000
short,Short Estampado Beleza Tropical Maxi,https://www.farmrio.com.br/short-estampado-beleza-tropical-maxi-beleza-tropical-maxi_vermelho-paprica-334774-48289/p,149205,https://lojafarm.vteximg.com.br/arquivos/ids/3364347-500-750/334774_48289_1-SHORT-ESTAMPADO-BELEZA-TROPICAL-MAXI.jpg?v=638520937766770000
short,Short Jeans Degrau Botões,https://www.farmrio.com.br/short-jeans-degrau-botoes-jeans-331727-0142/p,83838,https://lojafarm.vteximg.com.br/arquivos/ids/3377543-500-750/331727_0142_1-SHORT-JEANS-DEGRAU-BOTOES.jpg?v=638524988392200000
short,Short Estampado Selinhos Do Cerrado,https://www.farmrio.com.br/short-estampado-selinhos-do-cerrado-est-selinhos-do-cerrado_bege-macrame---329509-48241/p,81932,https://lojafarm.vteximg.com.br/arquivos/ids/3379465-500-750/329509_48241_1-SHORT-ESTAMPADO-SELINHOS-DO-CERRADO.jpg?v=638527511352000000
blusa,Blusa Estampada Oasis Tropical,https://www.farmrio.com.br/blusa-estampada-oasis-tropical-oasis-tropical_lilas-romance-335161-49192/p,149339,https://lojafarm.vteximg.com.br/arquivos/ids/3444853-500-750/335161_49192_1-BLUSA-ESTAMPADA-OASIS-TROPICAL.jpg?v=638657250184470000
blusa,Blusa Estampada Primavera De Cor,https://www.farmrio.com.br/blusa-estampada-primavera-de-cor-primavera-de-cor_azul-gelo-334111-49097/p,149148,https://lojafarm.vteximg.com.br/arquivos/ids/3416009-500-750/334111_49097_1-BLUSA-PRIMAVERA-DE-COR.jpg?v=638590844235270000
blusa,Blusa Mangas Estampada Água Viva Buquê,https://www.farmrio.com.br/blusa-mangas-estampada-agua-viva-buque-agua-viva_amarelo-tati-333938-49195/p,148353,https://lojafarm.vteximg.com.br/arquivos/ids/3413913-500-750/333938_49195_1-BLUSA-MANGAS-AGUA-VIVA-BUQUE.jpg?v=638590790509030000
blusa,Blusa Estampada Artsy Flor,https://www.farmrio.com.br/blusa-estampada-artsy-flor-artsy-floral_off-white-334127-49181/p,149623,https://lojafarm.vteximg.com.br/arquivos/ids/3433240-500-750/334127_49181_1-BLUSA-ARTSY-FLOR.jpg?v=638618298997430000
blusa,Blusa Cropped Estampada Refresco,https://www.farmrio.com.br/blusa-cropped-estampada-refresco-refresco_verde-thai-334419-49189/p,151519,https://lojafarm.vteximg.com.br/arquivos/ids/3420745-500-750/334419_49189_1-BLUSA-CROPPED-REFRESCO.jpg?v=638599204794900000
blusa,Blusa Irregular Estampada Marítima,https://www.farmrio.com.br/blusa-irregular-estampada-maritima-maritima_off-white-334928-49157/p,149204,https://lojafarm.vteximg.com.br/arquivos/ids/3427661-500-750/334928_49157_1-BLUSA-IRREGULAR-MARITIMA.jpg?v=638604119640370000
blusa,Túnica Plissada,https://www.farmrio.com.br/tunica-plissada-azul-krabi-334371-05052/p,148800,https://lojafarm.vteximg.com.br/arquivos/ids/3433274-500-750/334371_05052_1-TUNICA-PLISSADA.jpg?v=638618299337130000
blusa,Blusa Adidas Palm Flower Roxo,https://www.farmrio.com.br/blusa-adidas-palm-flower-roxo-roxo-332556-1261/p,82812,https://lojafarm.vteximg.com.br/arquivos/ids/3403818-500-750/332556_1261_1-BLUSA-ADIDAS-PALM-FLOWER-ROXO.jpg?v=638576000816270000
blusa,Cropped Adidas Adam Rib Ikat Marrom,https://www.farmrio.com.br/cropped-adidas-adam-rib-ikat-marrom-marrom-332627-0012/p,82986,https://lojafarm.vteximg.com.br/arquivos/ids/3384136-500-750/332627_0012_1-CROPPED-ADIDAS-ADAM-RIB-IKAT-MARROM.jpg?v=638536372706300000
blusa,Cropped Adidas Adam Rib Ikat Indigo,https://www.farmrio.com.br/cropped-adidas-adam-rib-ikat-indigo-azul-marinho-332612-3607/p,82941,https://lojafarm.vteximg.com.br/arquivos/ids/3383848-500-750/332612_3607_1-CROPPED-ADIDAS-ADAM-RIB-IKAT-INDIGO.jpg?v=638536370289030000
blusa,Blusa Adidas Texture Dream Verde,https://www.farmrio.com.br/blusa-adidas-texture-dream-verde-verde-332586-0172/p,82872,https://lojafarm.vteximg.com.br/arquivos/ids/3383463-500-750/332586_0172_1-BLUSA-ADIDAS-TEXTURE-DREAM-VERDE.jpg?v=638536366986500000
blusa,Blusa Estampada Chita Bella,https://www.farmrio.com.br/blusa-estampada-chita-bella-chita-bella_rosa-peonia-334242-49119/p,148697,https://lojafarm.vteximg.com.br/arquivos/ids/3416568-500-750/334242_49119_1-TOP-CHITA-BELLA.jpg?v=638590860232770000
blusa,Blusa Corselet Pesponto,https://www.farmrio.com.br/blusa-corselet-pesponto-azul-krabi-333997-05052/p,150067,https://lojafarm.vteximg.com.br/arquivos/ids/3415193-500-750/333997_05052_1-BLUSA-CORSELET-PESPONTO.jpg?v=638590812461870000
blusa,Blusa Cropped Estampada Amazônia Ribeirinha,https://www.farmrio.com.br/blusa-cropped-estampada-amazonia-ribeirinha-est-amazonia-ribeirinha_off-white-333358-49120/p,148974,https://lojafarm.vteximg.com.br/arquivos/ids/3412523-500-750/333358_49120_1-BLUSA-CROPPED-AMAZONIA-RIBEIRINHA.jpg?v=638590766872670000
blusa,Regata Rib Estampada Farmrio Tucanos,https://www.farmrio.com.br/regata-rib-estampada-farmrio-tucanos-off-white-338896-07448/p,151657,https://lojafarm.vteximg.com.br/arquivos/ids/3426200-500-750/338896_07448_1-REGATA-TUCANOS-FARMRIO.jpg?v=638603579468000000
blusa,Blusa Estampada Floral Maria,https://www.farmrio.com.br/blusa-estampada-floral-maria-floral-maria_off-white-335639-49112/p,149544,https://lojafarm.vteximg.com.br/arquivos/ids/3426055-500-750/335639_49112_1-BLUSA-FLORAL-MARIA.jpg?v=638603561996500000
blusa,Regata Camila,https://www.farmrio.com.br/regata-camila-bege-souk-334980-07453/p,151289,https://lojafarm.vteximg.com.br/arquivos/ids/3428591-500-750/334980_07453_1-REGATA-CAMILA.jpg?v=638604130278800000
blusa,Bata Estampada Floral Folk,https://www.farmrio.com.br/bata-estampada-floral-folk-floral-folk_off-white-334513-49108/p,149026,https://lojafarm.vteximg.com.br/arquivos/ids/3430081-500-750/334513_49108_1-BATA-FLORAL-FOLK.jpg?v=638605467802200000
blusa,Regata Pregas Estampada Farm Rio,https://www.farmrio.com.br/regata-pregas-estampada-farm-rio-off-white-335067-07448/p,151669,https://lojafarm.vteximg.com.br/arquivos/ids/3427842-500-750/335067_07448_1-REGATA-PREGAS-FARM-RIO.jpg?v=638604121085900000
blusa,Blusa Estampada Concha Do Mar,https://www.farmrio.com.br/blusa-estampada-concha-do-mar-concha-do-mar_off-white-334284-49188/p,149117,https://lojafarm.vteximg.com.br/arquivos/ids/3417188-500-750/334284_49188_1-TOP-CONCHA-DO-MAR.jpg?v=638590866547100000
blusa,Blusa Babado Estampada Floral Bela,https://www.farmrio.com.br/blusa-babado-estampada-floral-bela-floral-bela_off-white-334933-49143/p,149232,https://lojafarm.vteximg.com.br/arquivos/ids/3424182-500-750/334933_49143_1-BLUSA-BABADO-FLORAL-BELA.jpg?v=638602978254500000
blusa,Regata Ombreira,https://www.farmrio.com.br/regata-ombreira-off-white-336438-07448/p,150256,https://lojafarm.vteximg.com.br/arquivos/ids/3430320-500-750/336438_07448_1-T-SHIRT-RAGLAN-RIB.jpg?v=638605477957830000
blusa,Blusa Estampada Folha De Antúrio,https://www.farmrio.com.br/blusa-estampada-folha-de-anturio-folha-de-anturio_off-white-334269-49186/p,148967,https://lojafarm.vteximg.com.br/arquivos/ids/3416977-500-750/334269_49186_1-BLUSA-FOLHA-DE-ANTURIO.jpg?v=638590864645930000
blusa,Regata Camila,https://www.farmrio.com.br/regata-camila-off-white-338691-07448/p,151526,https://lojafarm.vteximg.com.br/arquivos/ids/3428287-500-750/338691_07448_1-REGATA-CAMILA.jpg?v=638604124846470000
blusa,Blusa Estampada Flor De Açai,https://www.farmrio.com.br/blusa-estampada-flor-de-acai-flor-de-acai_barrado-mini_off-white-335965-49400/p,150269,https://lojafarm.vteximg.com.br/arquivos/ids/3425707-500-750/335965_49400_1-BLUSA-FLOR-DE-ACAI.jpg?v=638603536080630000
blusa,Regata Rib Estampada Farmrio Coco,https://www.farmrio.com.br/regata-rib-estampada-farmrio-coco-preto-335913-0013/p,149704,https://lojafarm.vteximg.com.br/arquivos/ids/3440790-500-750/335913_0013_1-REGATA-RIB-ESTAMPADA-FARMRIO-COCO.jpg?v=638641785357900000
blusa,Regata Estampada Doce Natureza,https://www.farmrio.com.br/regata-estampada-doce-natureza-doce-natureza_espelhado_laranja-dalia-334531-49404/p,149550,https://lojafarm.vteximg.com.br/arquivos/ids/3430087-500-750/334531_49404_1-REGATA-DOCE-NATUREZA.jpg?v=638605467912830000
blusa,Regata Double Estampada Babado Maralina,https://www.farmrio.com.br/regata-double-estampada-babado-maralina-maralina_espelhado_laranja-tartine-334379-49403/p,149551,https://lojafarm.vteximg.com.br/arquivos/ids/3420690-500-750/334379_49403_1-REGATA-BABADO-MARALINA.jpg?v=638599204264270000
blusa,Bata Estampada Romance De Tucano,https://www.farmrio.com.br/bata-estampada-romance-de-tucano-romance-de-tucano_rosa-pitaya-334474-49123/p,148636,https://lojafarm.vteximg.com.br/arquivos/ids/3441669-500-750/334474_49123_1-BATA-ESTAMPADA-ROMANCE-DE-TUCANO.jpg?v=638642772485000000
blusa,Blusa Alcinhas Estampada Tucabacana,https://www.farmrio.com.br/blusa-alcinhas-estampada-tucabacana-tucabacana_vermelho-hibisco-333933-49124/p,148313,https://lojafarm.vteximg.com.br/arquivos/ids/3409704-500-750/333933_49124_1-BLUSA-ALCINHAS-TUCABACANA.jpg?v=638585730150830000
blusa,Regata Ombreira Estampada Cropped Verão,https://www.farmrio.com.br/regata-ombreira-estampada-cropped-verao-lilas-primavera-337817-7025/p,150820,https://lojafarm.vteximg.com.br/arquivos/ids/3419801-500-750/337817_7025_1-REGATA-OMBREIRA-ESTAMPADA-CROPPED-VERAO.jpg?v=638594269754900000
blusa,Regata Camila,https://www.farmrio.com.br/regata-camila-vermelho-espetaculo-334980-07024/p,150003,https://lojafarm.vteximg.com.br/arquivos/ids/3428579-500-750/334980_07024_1-REGATA-CAMILA.jpg?v=638604130182700000
blusa,Blusa Cropped Recortes,https://www.farmrio.com.br/blusa-cropped-recortes-vermelho-sunset-335137-1293/p,151552,https://lojafarm.vteximg.com.br/arquivos/ids/3430683-500-750/335137_1293_1-BLUSA-CROPPED-RECORTES.jpg?v=638605657448630000
blusa,Blusa Quadrada,https://www.farmrio.com.br/blusa-quadrada-verde-trevo-334003-07446/p,150094,https://lojafarm.vteximg.com.br/arquivos/ids/3415310-500-750/334003_07446_1-BLUSA-NUVEL.jpg?v=638590813731830000
blusa,Regata Ombro Só Bruna,https://www.farmrio.com.br/regata-ombro-so-bruna-verde-trevo-334981-07446/p,150004,https://lojafarm.vteximg.com.br/arquivos/ids/3403744-500-750/334981_07446_1-REGATA-CROPPED-BRUNA.jpg?v=638575388898100000
blusa,Blusa Cropped Recortes,https://www.farmrio.com.br/blusa-cropped-recortes-azul-sonic-335137-6086/p,151551,https://lojafarm.vteximg.com.br/arquivos/ids/3430011-500-750/335137_6086_1-BLUSA-CROPPED-RECORTES.jpg?v=638605460633100000
blusa,Regata Camila,https://www.farmrio.com.br/regata-camila-azul-krabi-334980-05052/p,150002,https://lojafarm.vteximg.com.br/arquivos/ids/3428573-500-750/334980_05052_1-REGATA-CAMILA.jpg?v=638604130103700000
blusa,Blusa Corselet Pesponto,https://www.farmrio.com.br/blusa-corselet-pesponto-preto-333997-0013/p,150066,https://lojafarm.vteximg.com.br/arquivos/ids/3415183-500-750/333997_0013_1-BLUSA-CORSELET-PESPONTO.jpg?v=638590812346000000
blusa,Blusa Cropped Recortes,https://www.farmrio.com.br/blusa-cropped-recortes-preto-335137-0013/p,151550,https://lojafarm.vteximg.com.br/arquivos/ids/3430001-500-750/335137_0013_1-BLUSA-CROPPED-RECORTES.jpg?v=638605460529000000
blusa,Regata Camila,https://www.farmrio.com.br/regata-camila-preto-338691-0013/p,151525,https://lojafarm.vteximg.com.br/arquivos/ids/3428278-500-750/338691_0013_1-REGATA-CAMILA.jpg?v=638604124767530000
blusa,Regata Cropped Estampada Rendeira,https://www.farmrio.com.br/regata-cropped-estampada-rendeira-rendeira_off-white-333014-48256/p,83347,https://lojafarm.vteximg.com.br/arquivos/ids/3371874-500-750/333014_48256_1-REGATA-CROPPED-ESTAMPADA-RENDEIRA.jpg?v=638521601894430000
blusa,Blusa Estampada Papillon,https://www.farmrio.com.br/blusa-estampada-papillon-est-papillon_preto---338805-49083/p,151566,https://lojafarm.vteximg.com.br/arquivos/ids/3439318-500-750/338805_49083_1-BLUSA-ESTAMPADA-PAPILLON.jpg?v=638636445728700000
blusa,Blusa Rib Babado,https://www.farmrio.com.br/blusa-rib-babado-off-white-331798-0024/p,84045,https://lojafarm.vteximg.com.br/arquivos/ids/3377579-500-750/331798_0024_1-BLUSA-RIB-BABADO.jpg?v=638524988634800000
blusa,Regata Estampada Jardim Tranquilo,https://www.farmrio.com.br/regata-estampada-jardim-tranquilo-jardim-tranquilo_off-white-330019-48233/p,83378,https://lojafarm.vteximg.com.br/arquivos/ids/3365845-500-750/330019_48233_1-REGATA-ESTAMPADA-JARDIM-TRANQUILO.jpg?v=638520957040230000
blusa,Blusa Estampada Naturaleza,https://www.farmrio.com.br/blusa-estampada-naturaleza-est-naturaleza_azul-aspen-330084-48232/p,83520,https://lojafarm.vteximg.com.br/arquivos/ids/3366034-500-750/330084_48232_1-BLUSA-ESTAMPADA-NATURALEZA.jpg?v=638520958929430000
blusa,Regata Estampada Heloísa,https://www.farmrio.com.br/regata-estampada-heloisa-est-heloisa_off-white---329478-48295/p,81851,https://lojafarm.vteximg.com.br/arquivos/ids/3439377-500-750/329478_48295_1-REGATA-ESTAMPADA-HELOISA.jpg?v=638640198108070000
blusa,Blusa Estampada Manu,https://www.farmrio.com.br/blusa-estampada-manu-manu_off-white-330373-48297/p,84435,https://lojafarm.vteximg.com.br/arquivos/ids/3439477-500-750/330373_48297_1-BLUSA-ESTAMPADA-MANU.jpg?v=638640199742100000
blusa,Regata Estampada Borboleta Em Flor,https://www.farmrio.com.br/regata-estampada-borboleta-em-flor-borboleta-em-flor_vermelho-escarlate-333904-48330/p,149028,https://lojafarm.vteximg.com.br/arquivos/ids/3371234-500-750/333904_48330_1-REGATA-ESTAMPADA-BORBOLETA-EM-FLOR.jpg?v=638521010012500000
blusa,Regata Estampada Ravenala,https://www.farmrio.com.br/regata-estampada-ravenala-est-ravenala_verde-alecrim---327284-48292/p,82754,https://lojafarm.vteximg.com.br/arquivos/ids/3365029-500-750/327284_48292_1-REGATA-ESTAMPADA-RAVENALA.jpg?v=638520949805400000
blusa,Bata Nervuras Estampada Aurora Floral,https://www.farmrio.com.br/bata-nervuras-estampada-aurora-floral-est-aurora-floral_verde-absinto---327286-48291/p,82760,https://lojafarm.vteximg.com.br/arquivos/ids/3365079-500-750/327286_48291_1-BATA-NERVURAS-ESTAMPADA-AURORA-FLORAL.jpg?v=638520950253170000
camisa,Camisa Artesanal Laise Concha,https://www.farmrio.com.br/camisa-artesanal-laise-concha-amarelo-java-338548-07467/p,151606,https://lojafarm.vteximg.com.br/arquivos/ids/3441257-500-750/338548_07467_1-CAMISA-ARTESANAL-LAISE-CONCHA.jpg?v=638642538507700000
camisa,Camisa Vestido Estampada Luau Das Onças,https://www.farmrio.com.br/camisa-vestido-estampada-luau-das-oncas-luau-das-oncas_multicolorido-336528-49096/p,150167,https://lojafarm.vteximg.com.br/arquivos/ids/3437299-500-750/336528_49096_1-CAMISA-VESTIDO-ESTAMPADA-LUAU-DAS-ONCAS.jpg?v=638627221159230000
camisa,Camisa Estampada Tucabacana,https://www.farmrio.com.br/camisa-estampada-tucabacana-tucabacana_verde-eletrico-334514-49099/p,149036,https://lojafarm.vteximg.com.br/arquivos/ids/3405027-500-750/334514_49099_1-BLUSA-TUCABACANA.jpg?v=638579702015300000
camisa,Camisa Estampada Jogo Do Mar,https://www.farmrio.com.br/camisa-estampada-jogo-do-mar-jogo-do-mar_azul-caribe-333951-49176/p,148483,https://lojafarm.vteximg.com.br/arquivos/ids/3414023-500-750/333951_49176_1-CAMISA-JOGO-DO-MAR.jpg?v=638590791924530000
camisa,Camisa Estampada Mesa Fresca,https://www.farmrio.com.br/camisa-estampada-mesa-fresca-mesa-fresca_off-white-335976-49665/p,150334,https://lojafarm.vteximg.com.br/arquivos/ids/3429188-500-750/335976_49665_1-CAMISA-MESA-FRESCA.jpg?v=638604658818370000
camisa,Camisa Longa,https://www.farmrio.com.br/camisa-longa-azul-krabi-333914-05052/p,151242,https://lojafarm.vteximg.com.br/arquivos/ids/3413669-500-750/333914_05052_1-CAMISA-LONGA-BOLSO.jpg?v=638590787420500000
camisa,Camisa Uni Estampada Paisagem Ribeirinha,https://www.farmrio.com.br/camisa-uni-estampada-paisagem-ribeirinha-paisagem-ribeirinha_espelhado_azul-nebl-334879-49379/p,149051,https://lojafarm.vteximg.com.br/arquivos/ids/3403126-500-750/334879_49379_1-CAMISA-UNI-PAISAGEM-RIBEIRINHA.jpg?v=638575296505800000
camisa,Camisa Longa,https://www.farmrio.com.br/camisa-longa-verde-trevo-333914-07446/p,151244,https://lojafarm.vteximg.com.br/arquivos/ids/3413694-500-750/333914_07446_1-CAMISA-LONGA-BOLSO.jpg?v=638590787637670000
camisa,Camisa Linho Estampada Pólen,https://www.farmrio.com.br/camisa-linho-estampada-polen-est-polen_eng-camisa_verde-ficus-329801-49316/p,148549,https://lojafarm.vteximg.com.br/arquivos/ids/3388368-500-750/329801_49316_1-CAMISA-LINHO-ESTAMPADA-POLEN.jpg?v=638552082024700000
camisa,Camisa Longa,https://www.farmrio.com.br/camisa-longa-vermelho-espetaculo-333914-07024/p,151243,https://lojafarm.vteximg.com.br/arquivos/ids/3413679-500-750/333914_07024_1-CAMISA-LONGA-BOLSO.jpg?v=638590787541930000
camisa,Camisa Estampada Tucabacana,https://www.farmrio.com.br/camisa-estampada-tucabacana-tucabacana_vermelho-hibisco-333932-49124/p,148307,https://lojafarm.vteximg.com.br/arquivos/ids/3413815-500-750/333932_49124_1-VESTIDO-TUNICA-TUCABACANA.jpg?v=638590789340300000
camisa,Camisa Manga Longa Estampada Orquídea,https://www.farmrio.com.br/camisa-manga-longa-estampada-orquidea-est-orquidea_preto---329466-48309/p,81821,https://lojafarm.vteximg.com.br/arquivos/ids/3384933-500-750/329466_48309_1-CAMISA-MANGA-LONGA-ESTAMPADA-ORQUIDEA.jpg?v=638544114617600000
camisa,Camisa Jacquard Estampada Concha Do Mar,https://www.farmrio.com.br/camisa-jacquard-estampada-concha-do-mar-est-concha-do-mar_off-white-333847-49188/p,148908,https://lojafarm.vteximg.com.br/arquivos/ids/3405000-500-750/333847_49188_1-CAMISA-JACQUARD-CONCHA-DO-MAR.jpg?v=638579701777600000
camisa,Camisa Cropped Tricot Artesanal,https://www.farmrio.com.br/camisa-cropped-tricot-artesanal-preto-333852-0013/p,84416,https://lojafarm.vteximg.com.br/arquivos/ids/3371183-500-750/333852_0013_1-CAMISA-CROPPED-TRICOT-ARTESANAL.jpg?v=638521009522370000
camisa,Camisa Manga Longa Estampada Ravenala,https://www.farmrio.com.br/camisa-manga-longa-estampada-ravenala-est-ravenala_verde-alecrim---329468-48292/p,81826,https://lojafarm.vteximg.com.br/arquivos/ids/3379385-500-750/329468_48292_1-CAMISA-MANGA-LONGA-ESTAMPADA-RAVENALA.jpg?v=638527510690000000
camisa,Camisa Pregas Groove Do Alfaiate,https://www.farmrio.com.br/camisa-pregas-groove-do-alfaiate-groove-do-alfaiate_farmlab_preto-333071-48500/p,148053,https://lojafarm.vteximg.com.br/arquivos/ids/3388575-500-750/333071_48500_1-CAMISA-PREGAS-GROOVE-DO-ALFAIATE.jpg?v=638552090535600000
camisa,Camisa Laço Morada Tropical,https://www.farmrio.com.br/camisa-laco-morada-tropical-morada-tropical_farmlab_corrido-zebra_p-333065-49218/p,148050,https://lojafarm.vteximg.com.br/arquivos/ids/3391506-500-750/333065_49218_1-CAMISA-LACO-MORADA-TROPICAL.jpg?v=638557141760500000
camisa,Camisa Plissada Estampada Tropicaxi,https://www.farmrio.com.br/camisa-plissada-estampada-tropicaxi-est-tropicaxi_verde-absinto---330206-48293/p,84146,https://lojafarm.vteximg.com.br/arquivos/ids/3379760-500-750/330206_48293_1-CAMISA-PLISSADA-ESTAMPADA-TROPICAXI.jpg?v=638527513514900000
camisa,Camisa Estampada Azul Flor,https://www.farmrio.com.br/camisa-estampada-azul-flor-azul-calmaria-334212-07454/p,148607,https://lojafarm.vteximg.com.br/arquivos/ids/3410432-500-750/334212_07454_1-CAMISA-ESTAMPADA-AZUL-FLOR.jpg?v=638588305292700000
camisa,Camisa Estampada Flor Branca,https://www.farmrio.com.br/camisa-estampada-flor-branca-off-white-328832-0024/p,82007,https://lojafarm.vteximg.com.br/arquivos/ids/3346924-500-750/328832_0024_1-CAMISA-ESTAMPADA-FLOR-BRANCA.jpg?v=638485606768630000
camisa,Camisa Bolso Longa,https://www.farmrio.com.br/camisa-bolso-longa-off-white-330102-0024/p,81880,https://lojafarm.vteximg.com.br/arquivos/ids/3372700-500-750/330102_0024_1-CAMISA-BOLSO-LONGA.jpg?v=638521626023430000
camisa,Camisa Estampada Beleza Tropical,https://www.farmrio.com.br/camisa-estampada-beleza-tropical-beleza-tropical_preto-329995-42214/p,83289,https://lojafarm.vteximg.com.br/arquivos/ids/3379640-500-750/329995_42214_2-CAMISA-ESTAMPADA-BELEZA-TROPICAL.jpg?v=638527512518500000
camisa,Camisa Manga Longa Estampada Selinhos Do Cerrado,https://www.farmrio.com.br/camisa-manga-longa-estampada-selinhos-do-cerrado-est-selinhos-do-cerrado_bege-macrame---329508-48241/p,81931,https://lojafarm.vteximg.com.br/arquivos/ids/3379460-500-750/329508_48241_1-CAMISA-MANGA-LONGA-ESTAMPADA-SELINHOS-DO-CERRADO.jpg?v=638527511292770000
camisa,Camisa Longa Algodão,https://www.farmrio.com.br/camisa-longa-algodao-off-white-330194-0024/p,84110,https://lojafarm.vteximg.com.br/arquivos/ids/3367886-500-750/330194_0024_1-CAMISA-LONGA-ALGODAO.jpg?v=638520975420030000
camisa,Camisa Bolso Listras,https://www.farmrio.com.br/camisa-bolso-listras-listra-marrom-alcacuz-off-white-330178-0000/p,83999,https://lojafarm.vteximg.com.br/arquivos/ids/3377158-500-750/330178_0000_1-CAMISA-BOLSO-LISTRAS.jpg?v=638524984579700000
camisa,Camisa Estampada Quadriculado De Sonho,https://www.farmrio.com.br/camisa-estampada-quadriculado-de-sonho-quadriculado-sonho_off-white-331415-48244/p,83137,https://lojafarm.vteximg.com.br/arquivos/ids/3401757-500-750/331415_48244_1-CAMISA-ESTAMPADA-QUADRICULADO-DE-SONHO.jpg?v=638573411183930000
camisa,Camisa Bolso Longa,https://www.farmrio.com.br/camisa-bolso-longa-azul-krabi-330102-05052/p,82664,https://lojafarm.vteximg.com.br/arquivos/ids/3372714-500-750/330102_05052_1-CAMISA-BOLSO-LONGA.jpg?v=638521626227800000
camisa,Camisa Bolso Listras,https://www.farmrio.com.br/camisa-bolso-listras-listra-azul-krabi-off-white-330178-05052/p,148040,https://lojafarm.vteximg.com.br/arquivos/ids/3367545-500-750/330178_05052_1-CAMISA-BOLSO-LISTRAS.jpg?v=638520972305230000
camisa,Camisa Jeans Laser Abacaxi Deco,https://www.farmrio.com.br/camisa-jeans-laser-abacaxi-deco-jeans-331706-0142/p,83772,https://lojafarm.vteximg.com.br/arquivos/ids/3385330-500-750/331706_0142_1-CAMISA-JEANS-LASER-ABACAXI-DECO.jpg?v=638544136525200000
camisa,Camisa Plissada Estampada Paisagem De Sonho Corrida,https://www.farmrio.com.br/camisa-plissada-estampada-paisagem-de-sonho-corrida-est-paisagem-de-sonho_azul-mirante-330201-48246/p,81948,https://lojafarm.vteximg.com.br/arquivos/ids/3404927-500-750/330201_48246_1-CAMISA-PLISSADA-ESTAMPADA-PAISAGEM-DE-SONHO-CORRIDA.jpg?v=638579700985400000
camisa,Camisa Estampada Banana,https://www.farmrio.com.br/camisa-estampada-banana-est-banana-cocina_malha-silk_eng-camisa_-332864-49295/p,147910,https://lojafarm.vteximg.com.br/arquivos/ids/3431604-500-750/332864_49295_1-CAMISA-ESTAMPADA-BANANA.jpg?v=638612272349900000
camisa,Camisa Bolso Longa,https://www.farmrio.com.br/camisa-bolso-longa-verde-erva-doce-330102-02362/p,82661,https://lojafarm.vteximg.com.br/arquivos/ids/3372709-500-750/330102_02362_1-CAMISA-BOLSO-LONGA.jpg?v=638521626087370000
camisa,Camisa Plissada Estampada Camafeu Tropical,https://www.farmrio.com.br/camisa-plissada-estampada-camafeu-tropical-est-camafeu-tropical_preto---330204-48310/p,84140,https://lojafarm.vteximg.com.br/arquivos/ids/3376090-500-750/330204_48310_1-CAMISA-PLISSADA-ESTAMPADA-CAMAFEU-TROPICAL.jpg?v=638524450539900000
camisa,Camisa Tricot Estampada Tambaqui,https://www.farmrio.com.br/camisa-tricot-estampada-tambaqui-est-tropicaxi_verde-absinto-329676-48293/p,82841,https://lojafarm.vteximg.com.br/arquivos/ids/3404855-500-750/329676_48293_1-CAMISA-TRICOT-ESTAMPADA-TAMBAQUI.jpg?v=638579700139400000
camisa,Camisa Tambaqui Decorado,https://www.farmrio.com.br/camisa-tambaqui-decorado-tambaqui-decorado_preto-333123-48978/p,83527,https://lojafarm.vteximg.com.br/arquivos/ids/3391952-500-750/333123_48978_1-CAMISA-TAMBAQUI-DECORADO.jpg?v=638557165185470000
camisa,Camisa Tricot Franja Listra Solar,https://www.farmrio.com.br/camisa-tricot-franja-listra-solar-multicolorido-331789-2276/p,83961,https://lojafarm.vteximg.com.br/arquivos/ids/3369959-500-750/331789_2276_1-CAMISA-TRICOT-FRANJA-LISTRA-SOLAR.jpg?v=638520996782830000
camisa,Camisa Estampada Flor,https://www.farmrio.com.br/camisa-estampada-flor-rosa-cariri-328831-07076/p,81699,https://lojafarm.vteximg.com.br/arquivos/ids/3352104-500-750/328831_07076_1-CAMISA-ESTAMPADA-FLOR.jpg?v=638491536623530000
camisa,Camisa Estampada Flor Real,https://www.farmrio.com.br/camisa-estampada-flor-real-est-flor-real_bege-baunilha-327278-48277/p,82736,https://lojafarm.vteximg.com.br/arquivos/ids/3419980-500-750/327278_48277_1-CAMISA-ESTAMPADA-FLOR-REAL.jpg?v=638596980179100000
camisa,Camisa Estampada Céu De Tigre,https://www.farmrio.com.br/camisa-estampada-ceu-de-tigre-ceu-de-tigre_rosa-capadocia-330132-48258/p,83647,https://lojafarm.vteximg.com.br/arquivos/ids/3377068-500-750/330132_48258_1-CAMISA-ESTAMPADA-CEU-DE-TIGRE.jpg?v=638524983806630000
camisa,Camisa Bolso Longa,https://www.farmrio.com.br/camisa-bolso-longa-vermelho-morango-330102-07415/p,82032,https://lojafarm.vteximg.com.br/arquivos/ids/3366064-500-750/330102_07415_1-CAMISA-BOLSO-LONGA.jpg?v=638520959213930000
camisa,Camisa Estampada Shuhu,https://www.farmrio.com.br/camisa-estampada-shuhu-shuhu_marrom-pinhal-322937-46196/p,75901,https://lojafarm.vteximg.com.br/arquivos/ids/3315265-500-750/322937_46196_1-CAMISA-ESTAMPADA-SHUHU.jpg?v=638452504184830000
camisa,Camisa Sarja Bisne Bordado Florido,https://www.farmrio.com.br/camisa-sarja-bisne-bordado-florido-caramelo-328410-2747/p,80566,https://lojafarm.vteximg.com.br/arquivos/ids/3338751-500-750/328410_2747_1-CAMISA-SARJA-BISNE-BORDADO-FLORIDO.jpg?v=638481910993330000
camisa,Camisa Estampada Caminho Yawanawa,https://www.farmrio.com.br/camisa-estampada-caminho-yawanawa-est-caminho-yawanawa_multicolorido-322942-46182/p,76454,https://lojafarm.vteximg.com.br/arquivos/ids/3326029-500-750/322942_46182_1-CAMISA-ESTAMPADA-CAMINHO-YAWANAWA.jpg?v=638471403699800000
camisa,Camisa Hotfix Carnaval Das Águas,https://www.farmrio.com.br/camisa-hotfix-carnaval-das-aguas-roxo-berinjela-323366-6050/p,81182,https://lojafarm.vteximg.com.br/arquivos/ids/3309675-500-750/323366_6050_1-CAMISA-HOTFIX-CARNAVAL-DAS-AGUAS.jpg?v=638447266173400000
camisa,Camisa Estampada Miragem,https://www.farmrio.com.br/camisa-estampada-miragem-est-miragem_multicolorido-322944-46191/p,76453,https://lojafarm.vteximg.com.br/arquivos/ids/3291281-500-750/322944_46191_1-CAMISA-ESTAMPADA-MIRAGEM.jpg?v=638430897198670000
camisa,Camisa Meio a Meio Estampada Floral Pietra,https://www.farmrio.com.br/camisa-meio-a-meio-estampada-floral-pietra-est-floral-pietra_vermelho-aka-328588-47096/p,82829,https://lojafarm.vteximg.com.br/arquivos/ids/3309948-500-750/328588_47096_1-CAMISA-MEIO-A-MEIO-ESTAMPADA-FLORAL-PIETRA.jpg?v=638447268338500000
camisa,Camisa Meio a Meio Estampada Banana Sketch,https://www.farmrio.com.br/camisa-meio-a-meio-estampada-banana-sketch-est-banana-sketch_preto-328587-46762/p,82826,https://lojafarm.vteximg.com.br/arquivos/ids/3262497-500-750/328587_46762_1-CAMISA-MEIO-A-MEIO-ESTAMPADA-BANANA-SKETCH.jpg?v=638405227388500000
camisa,Camisa Cutwork Peixe,https://www.farmrio.com.br/camisa-cutwork-peixe-azul-reino-323256-07032/p,77070,https://lojafarm.vteximg.com.br/arquivos/ids/3299888-500-750/323256_07032_1-CAMISA-CUTWORK-PEIXE.jpg?v=638437053138830000
camisa,Camisa Cutwork Tucano,https://www.farmrio.com.br/camisa-cutwork-tucano-preto-323254-0013/p,77068,https://lojafarm.vteximg.com.br/arquivos/ids/3299844-500-750/323254_0013_1-CAMISA-CUTWORK-TUCANO.jpg?v=638437052879670000
camisa,Camisa Bordada Jardim Surreal,https://www.farmrio.com.br/camisa-bordada-jardim-surreal-preto-323216-0005/p,75732,https://lojafarm.vteximg.com.br/arquivos/ids/3317515-500-750/323216_0005_1-CAMISA-BORDADA-JARDIM-SURREAL.jpg?v=638458542816430000
saia,Saia Godê Estampada Luau Das Onças,https://www.farmrio.com.br/saia-gode-estampada-luau-das-oncas-luau-das-oncas_multicolorido-334247-49096/p,148747,https://lojafarm.vteximg.com.br/arquivos/ids/3416638-500-750/334247_49096_1-SAIA-GODE-LUAU-DAS-ONCAS.jpg?v=638590861007200000
saia,Saia Longa Estampada Chita Bella,https://www.farmrio.com.br/saia-longa-estampada-chita-bella-chita-bella_rosa-peonia-334241-49119/p,148687,https://lojafarm.vteximg.com.br/arquivos/ids/3416563-500-750/334241_49119_1-SAIA-LONGA-CHITA-BELLA.jpg?v=638590860167400000
saia,Saia Pala Ampla,https://www.farmrio.com.br/saia-pala-ampla-off-white-334000-07448/p,150097,https://lojafarm.vteximg.com.br/arquivos/ids/3415258-500-750/334000_07448_1-SAIA-PALA-AMPLA.jpg?v=638590813270570000
saia,Saia Estampada Delicadeza De Floral,https://www.farmrio.com.br/saia-estampada-delicadeza-de-floral-delicadeza-de-floral_verde-hortela-334339-49200/p,148670,https://lojafarm.vteximg.com.br/arquivos/ids/3420594-500-750/334339_49200_1-SAIA-DELICADEZA-DE-FLORAL.jpg?v=638599196119600000
saia,Saia Estampada Artsy Flor,https://www.farmrio.com.br/saia-estampada-artsy-flor-artsy-floral_off-white-334124-49181/p,149624,https://lojafarm.vteximg.com.br/arquivos/ids/3433201-500-750/334124_49181_1-SAIA-ARTSY-FLOR.jpg?v=638618298632170000
saia,Saia Beleza Estampada Romântica,https://www.farmrio.com.br/saia-beleza-estampada-romantica-beleza-romantica_off-white-334444-49115/p,148361,https://lojafarm.vteximg.com.br/arquivos/ids/3421054-500-750/334444_49115_1-SAIA-BELEZA-ROMANTICA.jpg?v=638599214470400000
saia,Saia Longa Estampada Romance De Tucano,https://www.farmrio.com.br/saia-longa-estampada-romance-de-tucano-est-romance-de-tucano_off-white-334266-49116/p,148937,https://lojafarm.vteximg.com.br/arquivos/ids/3416898-500-750/334266_49116_1-SAIA-LONGA-ROMANCE-DE-TUCANO.jpg?v=638590863847730000
saia,Saia Midi Adidas Tropical Oasis Azul,https://www.farmrio.com.br/saia-midi-adidas-tropical-oasis-azul-azul-332592-7104/p,82887,https://lojafarm.vteximg.com.br/arquivos/ids/3383602-500-750/332592_7104_1-SAIA-MIDI-ADIDAS-TROPICAL-OASIS-AZUL.jpg?v=638536368180500000
saia,Saia Ampla Bolso,https://www.farmrio.com.br/saia-ampla-bolso-azul-sonic-335138-6086/p,151555,https://lojafarm.vteximg.com.br/arquivos/ids/3428028-500-750/335138_6086_1-SAIA-AMPLA-BOLSO.jpg?v=638604122612800000
saia,Saia Estampada Tucabacana,https://www.farmrio.com.br/saia-estampada-tucabacana-tucabacana_verde-eletrico-334515-49099/p,149046,https://lojafarm.vteximg.com.br/arquivos/ids/3431649-500-750/334515_49099_1-CALCA-TUCABACANA.jpg?v=638612273247070000
saia,Saia Estampada Paisagem  Ribeirinha,https://www.farmrio.com.br/saia-estampada-paisagem-ribeirinha-paisagem-ribeirinha_azul-neblina-336213-49121/p,150155,https://lojafarm.vteximg.com.br/arquivos/ids/3423093-500-750/336213_49121_1-CALCA-PANTALONA--RIBEIRINHA.jpg?v=638602932471330000
saia,Saia Godê Estampada Amazônia Ribeirinha,https://www.farmrio.com.br/saia-gode-estampada-amazonia-ribeirinha-est-amazonia-ribeirinha_off-white-333359-49120/p,148984,https://lojafarm.vteximg.com.br/arquivos/ids/3412528-500-750/333359_49120_1-SAIA-GODE-AMAZONIA-RIBEIRINHA.jpg?v=638590766912230000
saia,Saia Midi Estampada Flor De Açai,https://www.farmrio.com.br/saia-midi-estampada-flor-de-acai-flor-de-acai_barrado_off-white-334534-49255/p,149518,https://lojafarm.vteximg.com.br/arquivos/ids/3429463-500-750/334534_49255_1-VESTIDO-CROPPED-FLOR-DE-ACAI.jpg?v=638604704013700000
saia,Saia Jeans Midi Envelope,https://www.farmrio.com.br/saia-jeans-midi-envelope-jeans-medio-335729-0105/p,149471,https://lojafarm.vteximg.com.br/arquivos/ids/3425691-500-750/335729_0105_1-SAIA-JEANS-MIDI-ENVELOPE.jpg?v=638603535914100000
saia,Saia Midi Estampada Refresco,https://www.farmrio.com.br/saia-midi-estampada-refresco-refresco_saia-malha_off-white-334220-49485/p,148657,https://lojafarm.vteximg.com.br/arquivos/ids/3416513-500-750/334220_49485_1-SAIA-MIDI-REFRESCO.jpg?v=638590851975030000
saia,Saia Estampada Mesa Fresca,https://www.farmrio.com.br/saia-estampada-mesa-fresca-mesa-fresca_multicolorido-335156-49171/p,149314,https://lojafarm.vteximg.com.br/arquivos/ids/3425055-500-750/335156_49171_1-SAIA-MESA-FRESCA.jpg?v=638603228973330000
saia,Saia Curta Pareo Estampada Doce Natureza,https://www.farmrio.com.br/saia-curta-pareo-estampada-doce-natureza-doce-natureza_espelhado_laranja-dalia-334532-49404/p,149560,https://lojafarm.vteximg.com.br/arquivos/ids/3426292-500-750/334532_49404_1-SAIA-CURTA-PAREO-DOCE-NATUREZA.jpg?v=638603866221070000
saia,Saia Estampada Jardim De Frutas,https://www.farmrio.com.br/saia-estampada-jardim-de-frutas-jardim-de-frutas_amarelo-primula-334955-49180/p,149306,https://lojafarm.vteximg.com.br/arquivos/ids/3428532-500-750/334955_49180_1-SAIA-JARDIM-DE-FRUTAS.jpg?v=638604129719870000
saia,Saia Longa Estampada Floral Bela,https://www.farmrio.com.br/saia-longa-estampada-floral-bela-floral-bela_off-white-334331-49143/p,148591,https://lojafarm.vteximg.com.br/arquivos/ids/3420459-500-750/334331_49143_1-SAIA-LONGA-FLORAL-BELA.jpg?v=638599194669300000
saia,Saia Estampada Floral Folk,https://www.farmrio.com.br/saia-estampada-floral-folk-floral-folk_off-white-334512-49108/p,149016,https://lojafarm.vteximg.com.br/arquivos/ids/3425140-500-750/334512_49108_1-SAIA-FLORAL-FOLK.jpg?v=638603236048230000
saia,Saia Babados Estampada Selva De Gráfico,https://www.farmrio.com.br/saia-babados-estampada-selva-de-grafico-est-selva-de-grafico_localizado_verde-fl-329793-49303/p,148439,https://lojafarm.vteximg.com.br/arquivos/ids/3444315-500-750/329793_49303_1-SAIA-BABADOS-ESTAMPADA-SELVA-DE-GRAFICO.jpg?v=638657244673330000
saia,Saia Midi Linho Estampada Pólen,https://www.farmrio.com.br/saia-midi-linho-estampada-polen-est-polen_eng-saia_verde-ficus-333851-49317/p,148938,https://lojafarm.vteximg.com.br/arquivos/ids/3388675-500-750/333851_49317_1-SAIA-MIDI-LINHO-ESTAMPADA-POLEN.jpg?v=638552091588630000
saia,Saia Curta Estampada Concha Do Mar,https://www.farmrio.com.br/saia-curta-estampada-concha-do-mar-concha-do-mar_off-white-335209-49188/p,149248,https://lojafarm.vteximg.com.br/arquivos/ids/3428042-500-750/335209_49188_1-SAIA-CURTA-CONCHA-DO-MAR.jpg?v=638604122746800000
saia,Saia Longa Estampada Folha De Antúrio,https://www.farmrio.com.br/saia-longa-estampada-folha-de-anturio-folha-de-anturio_off-white-334268-49186/p,148957,https://lojafarm.vteximg.com.br/arquivos/ids/3416941-500-750/334268_49186_1-SAIA-LONGA-FOLHA-DE-ANTURIO.jpg?v=638590864296930000
saia,Saia Reta Estampada Milani Coqueiros,https://www.farmrio.com.br/saia-reta-estampada-milani-coqueiros-est-milani-coqueiros_off-white-330529-48315/p,82807,https://lojafarm.vteximg.com.br/arquivos/ids/3382816-500-750/330529_48315_1-SAIA-RETA-ESTAMPADA-MILANI-COQUEIROS.jpg?v=638531104033030000
saia,Saia Sarja Estampada Milani Coqueiros,https://www.farmrio.com.br/saia-sarja-estampada-milani-coqueiros-est-milani-coqueiros_sarja_off-white-331698-48724/p,83745,https://lojafarm.vteximg.com.br/arquivos/ids/3377501-500-750/331698_48724_1-SAIA-SARJA-ESTAMPADA-MILANI-COQUEIROS.jpg?v=638524988074600000
saia,Saia Ampla Bolso,https://www.farmrio.com.br/saia-ampla-bolso-preto-335138-0013/p,151556,https://lojafarm.vteximg.com.br/arquivos/ids/3428007-500-750/335138_0013_1-SAIA-AMPLA-BOLSO.jpg?v=638604122430970000
saia,Saia Midi Estampada Foz,https://www.farmrio.com.br/saia-midi-estampada-foz-foz_saia-malha_preto-334219-49465/p,148647,https://lojafarm.vteximg.com.br/arquivos/ids/3416484-500-750/334219_49465_1-SAIA-MIDI-FOZ.jpg?v=638590851520000000
saia,Saia Midi Estampada Rendeira,https://www.farmrio.com.br/saia-midi-estampada-rendeira-rendeira_off-white-333139-48256/p,83557,https://lojafarm.vteximg.com.br/arquivos/ids/3371000-500-750/333139_48256_1-SAIA-MIDI-ESTAMPADA-RENDEIRA.jpg?v=638521007586970000
saia,Saia Longa Cetim,https://www.farmrio.com.br/saia-longa-cetim-preto-333040-0013/p,83386,https://lojafarm.vteximg.com.br/arquivos/ids/3377966-500-750/333040_0013_1-SAIA-LONGA-CETIM.jpg?v=638525001500130000
saia,Saia Cropped Estampada Manu,https://www.farmrio.com.br/saia-cropped-estampada-manu-manu_off-white-330372-48297/p,84432,https://lojafarm.vteximg.com.br/arquivos/ids/3368101-500-750/330372_48297_1-SAIA-CROPPED-ESTAMPADA-MANU.jpg?v=638520977673130000
saia,Saia Cropped Estampada Naturaleza,https://www.farmrio.com.br/saia-cropped-estampada-naturaleza-est-naturaleza_off-white---330086-48231/p,83526,https://lojafarm.vteximg.com.br/arquivos/ids/3390638-500-750/330086_48231_1-SAIA-CROPPED-ESTAMPADA-NATURALEZA.jpg?v=638554662758200000
saia,Saia Estampada Orquídea Maxi,https://www.farmrio.com.br/saia-estampada-orquidea-maxi-est-orquidea_maxi_vermelho-escarlate-334831-48734/p,148811,https://lojafarm.vteximg.com.br/arquivos/ids/3371438-500-750/334831_48734_1-SAIA-ESTAMPADA-ORQUIDEA-MAXI.jpg?v=638521591052500000
saia,Saia Midi Estampada Floral Majestoso,https://www.farmrio.com.br/saia-midi-estampada-floral-majestoso-floral-majestoso_off-white-330528-48228/p,82804,https://lojafarm.vteximg.com.br/arquivos/ids/3373221-500-750/330528_48228_1-SAIA-MIDI-ESTAMPADA-FLORAL-MAJESTOSO.jpg?v=638521631901470000
saia,Saia Estampada Duda,https://www.farmrio.com.br/saia-estampada-duda-duda_azul-grumari-334562-48302/p,149181,https://lojafarm.vteximg.com.br/arquivos/ids/3375910-500-750/334562_48302_1-SAIA-ESTAMPADA-DUDA.jpg?v=638524383591200000
saia,Saia Color Block,https://www.farmrio.com.br/saia-color-block-groove-do-alfaiate_farmlab_rosa-boto-334073-48499/p,149069,https://lojafarm.vteximg.com.br/arquivos/ids/3388722-500-750/334073_48499_1-SAIA-COLOR-BLOCK.jpg?v=638552091991970000
saia,Saia Longa Fenda Black Jeans,https://www.farmrio.com.br/saia-longa-fenda-black-jeans-black-jeans-331731-0005/p,148057,https://lojafarm.vteximg.com.br/arquivos/ids/3381897-500-750/331731_0005_1-SAIA-LONGA-FENDA-BLACK-JEANS.jpg?v=638530460727400000
saia,Saia Moletom Estampada Sonho Dos Pássaros,https://www.farmrio.com.br/saia-moletom-estampada-sonho-dos-passaros-est-sonho-dos-passaros_preto-332928-48288/p,83290,https://lojafarm.vteximg.com.br/arquivos/ids/3370556-500-750/332928_48288_1-SAIA-MOLETOM-ESTAMPADA-SONHO-DOS-PASSAROS.jpg?v=638521002759070000
saia,Saia Reta Estampada Beleza Tropical,https://www.farmrio.com.br/saia-reta-estampada-beleza-tropical-est-beleza-tropical_preto-330540-48290/p,149245,https://lojafarm.vteximg.com.br/arquivos/ids/3395848-500-750/330540_48290_1-SAIA-RETA-ESTAMPADA-BELEZA-TROPICAL.jpg?v=638563293458100000
saia,Saia Godê Estampada Chapada Dos Veadeiros,https://www.farmrio.com.br/saia-gode-estampada-chapada-dos-veadeiros-est-chapada-dos-veadeiros_bege-macrame---329459-48240/p,81897,https://lojafarm.vteximg.com.br/arquivos/ids/3379280-500-750/329459_48240_1-SAIA-GODE-ESTAMPADA-CHAPADA-DOS-VEADEIROS.jpg?v=638527509928870000
saia,Saia Amarração Listras,https://www.farmrio.com.br/saia-amarracao-listras-listra-marrom-alcacuz-off-white-330182-0000/p,84023,https://lojafarm.vteximg.com.br/arquivos/ids/3377189-500-750/330182_0000_1-SAIA-AMARRACAO-LISTRAS.jpg?v=638524984854070000
saia,Saia Godê Estampada Samambaia,https://www.farmrio.com.br/saia-gode-estampada-samambaia-est-samambaia_off-white---331839-48264/p,84219,https://lojafarm.vteximg.com.br/arquivos/ids/3377608-500-750/331839_48264_1-SAIA-GODE-ESTAMPADA-SAMAMBAIA.jpg?v=638524988847430000
saia,Saia Godê Estampada Encanto Tropical,https://www.farmrio.com.br/saia-gode-estampada-encanto-tropical-est-encanto-tropical_off-white---332070-48296/p,84488,https://lojafarm.vteximg.com.br/arquivos/ids/3370341-500-750/332070_48296_1-SAIA-GODE-ESTAMPADA-ENCANTO-TROPICAL.jpg?v=638521000600130000
saia,Saia Sarja Eng Estampada Encanto Tropical,https://www.farmrio.com.br/saia-sarja-eng-estampada-encanto-tropical-est-encanto-tropical_barrado-saia-sarja-331696-48720/p,83737,https://lojafarm.vteximg.com.br/arquivos/ids/3369674-500-750/331696_48720_1-SAIA-SARJA-ENG-ESTAMPADA-ENCANTO-TROPICAL.jpg?v=638520994074200000
saia,Saia Godê Estampada Puglia,https://www.farmrio.com.br/saia-gode-estampada-puglia-est-puglia_off-white---331200-48234/p,83030,https://lojafarm.vteximg.com.br/arquivos/ids/3369054-500-750/331200_48234_1-SAIA-GODE-ESTAMPADA-PUGLIA.jpg?v=638520988080570000
saia,Saia Midi Estampada Puglia,https://www.farmrio.com.br/saia-midi-estampada-puglia-est-puglia_off-white---334798-48234/p,148505,https://lojafarm.vteximg.com.br/arquivos/ids/3364556-500-750/334798_48234_1-SAIA-MIDI-ESTAMPADA-PUGLIA.jpg?v=638520939735470000
saia,Saia Godê Estampada Borboleta Em Flor,https://www.farmrio.com.br/saia-gode-estampada-borboleta-em-flor-est-borboleta-em-flor_preto---329505-48308/p,81929,https://lojafarm.vteximg.com.br/arquivos/ids/3376882-500-750/329505_48308_1-SAIA-GODE-ESTAMPADA-BORBOLETA-EM-FLOR.jpg?v=638524981909570000
saia,Saia Cropped Estampada Luiza,https://www.farmrio.com.br/saia-cropped-estampada-luiza-est-luiza_off-white-330360-48267/p,84399,https://lojafarm.vteximg.com.br/arquivos/ids/3375619-500-750/330360_48267_1-SAIA-CROPPED-ESTAMPADA-LUIZA.jpg?v=638524379965570000
saia,Saia Reta Estampada Dança De Listra,https://www.farmrio.com.br/saia-reta-estampada-danca-de-listra-est-danca-de-listra_off-white-331825-48266/p,84183,https://lojafarm.vteximg.com.br/arquivos/ids/3358504-500-750/331825_48266_1-SAIA-RETA-ESTAMPADA-DANCA-DE-LISTRA.jpg?v=638513283695430000
saia,Saia Reta Estampada Voo Doce,https://www.farmrio.com.br/saia-reta-estampada-voo-doce-est-voo-doce_preto-331826-48311/p,84186,https://lojafarm.vteximg.com.br/arquivos/ids/3377597-500-750/331826_48311_1-SAIA-RETA-ESTAMPADA-VOO-DOCE.jpg?v=638524988754770000
